path,testcase_id,source_record_id,source_prompt_hash,adapted_prompt_sha256,category,dsgai_mapping,severity,source_severity,language,languages,encoded_payload_language,source_language_label,technique,scope,source_failure_mode_review,target_scope_review,source_batch,source_lineage,anonymized
cases/TC-0001.json,TC-0001,TR-PI-0001,615ab4474c0f3423,615ab4474c0f3423f464c45781b310623a6d1e93d1f46199c3230799e52da9de,system_prompt_extraction,DSGAI15,High,high,tr,tr,,tr,authority_urgency,data_extraction,direct_mapping,in_scope,altaysec-seed-v0.1,public_generator,false
cases/TC-0002.json,TC-0002,TR-PI-0002,5caef9e47df4c272,ad0b148018ff2882e9999e9eab203688e0c2834fe0dfa9c85b6458b3c4bae4ea,system_prompt_extraction,DSGAI15,High,high,tr,tr,,tr,authority_urgency,data_extraction,direct_mapping,in_scope,altaysec-seed-v0.1,public_generator,true
cases/TC-0003.json,TC-0003,TR-PI-0003,bd0514256ea77519,c99f47d61002f9130627617c4ad5b4eada378d0d1d1721156101129cf627fadc,direct_extraction,DSGAI01,Critical,critical,tr,tr,,tr,authority_urgency,data_extraction,direct_mapping,in_scope,altaysec-seed-v0.1,public_generator,true
cases/TC-0004.json,TC-0004,TR-PI-0004,0435ca4c6ae3ed4c,15a5cdb836850f861d79f8fd5e454b70fc47cc0959d3c4cf0969fa5411d73b50,credential_harvesting,DSGAI02,Critical,critical,tr,tr,,tr,authority_urgency,data_extraction,direct_mapping,in_scope,altaysec-seed-v0.1,public_generator,true
cases/TC-0005.json,TC-0005,TR-PI-0005,7ef3609afabc4549,7ef3609afabc45494311de71a4197756bb3a48754791c8727a0c8978ccec4145,credential_harvesting,DSGAI02,High,medium,tr,tr,,tr,authority_urgency,data_extraction,direct_mapping,in_scope,altaysec-seed-v0.1,public_generator,false
cases/TC-0006.json,TC-0006,TR-PI-0006,6e5d5eeb439d9ad6,cdec7c0c9536824f74b0a4c3fa3715c640fb91ba343eb9651b8744b38d61a00d,credential_harvesting,DSGAI02,High,high,tr,tr,,tr,authority_urgency,data_extraction,direct_mapping,in_scope,altaysec-seed-v0.1,public_generator,true
cases/TC-0007.json,TC-0007,TR-PI-0007,ee59d2966e39ffa2,f127920da44502acdcfd2292e290cddf05ef5f32bd9fc161d6f9f9c11f65c985,other,DSGAI05,Medium,medium,tr,tr,,tr,authority_urgency,prompt_injection_control,manual_review,review,altaysec-seed-v0.1,public_generator,true
cases/TC-0008.json,TC-0008,TR-PI-0008,cbf88310eb8784a3,a749f498812a2d62a14bb96dadf379db6d3c43d59175134cd498fdadc1266ecd,system_prompt_extraction,DSGAI15,High,high,tr,tr,,tr,authority_urgency,data_extraction,direct_mapping,in_scope,altaysec-seed-v0.1,public_generator,true
cases/TC-0009.json,TC-0009,TR-PI-0009,8428c9d65230859b,d43d463e9678d209cea2d5d6ec487880a5c43ae94984b663d55cc6beedb7d265,direct_extraction,DSGAI01,Critical,critical,tr,tr,,tr,authority_urgency,data_extraction,direct_mapping,in_scope,altaysec-seed-v0.1,public_generator,true
cases/TC-0010.json,TC-0010,TR-PI-0010,37476e2bb2506dd3,d4a4d6956ef1912fff509294354e0ee14b6b4708c239bd3ca840e5f33d9c6166,system_prompt_extraction,DSGAI15,High,medium,tr,tr,,tr,authority_urgency,data_extraction,manual_review,in_scope,altaysec-seed-v0.1,public_generator,true
cases/TC-0011.json,TC-0011,TR-PI-0011,0b2980f219e0a1f0,fe9e2d36adae3751c94ea5dd74fc7c55f2b5dbbea0c07f7147a18fe5a2ddf37d,credential_harvesting,DSGAI02,High,high,tr,tr,,tr,confirmation_trap,data_extraction,direct_mapping,in_scope,altaysec-seed-v0.1,public_generator,true
cases/TC-0012.json,TC-0012,TR-PI-0012,7a1b629ef03f09e1,ac5dd454091b6740acc23083d1a802a63a6be709b27a6491806c3b338683cb7c,credential_harvesting,DSGAI02,Critical,critical,tr,tr,,tr,confirmation_trap,data_extraction,direct_mapping,in_scope,altaysec-seed-v0.1,public_generator,true
cases/TC-0013.json,TC-0013,TR-PI-0013,57a3c5f54e469e7d,242158df5bc5c456e0e1a73ae21c0721c863cb2f1856d72efce9150440c67545,credential_harvesting,DSGAI02,High,high,tr,tr,,tr,confirmation_trap,data_extraction,direct_mapping,in_scope,altaysec-seed-v0.1,public_generator,true
cases/TC-0014.json,TC-0014,TR-PI-0014,a931db33ece2c315,a931db33ece2c3151452f5d75dbd3a02f03fed655d0021714ae40c405ebe09f7,credential_harvesting,DSGAI02,High,medium,tr,tr,,tr,confirmation_trap,data_extraction,direct_mapping,in_scope,altaysec-seed-v0.1,public_generator,false
cases/TC-0015.json,TC-0015,TR-PI-0015,68e7e8761569b64a,68e7e8761569b64a7c16a530d3f3c9c3b5ebd8f37a430a385b870291f6fefde2,credential_harvesting,DSGAI02,High,medium,tr,tr,,tr,confirmation_trap,data_extraction,direct_mapping,in_scope,altaysec-seed-v0.1,public_generator,false
cases/TC-0016.json,TC-0016,TR-PI-0016,6bbfc61ce5e521e6,6e9203144f6b223323a61e80e1f32dc2080902f7d02279cf96dafd4a348258d3,credential_harvesting,DSGAI02,High,high,tr,tr,,tr,confirmation_trap,data_extraction,direct_mapping,in_scope,altaysec-seed-v0.1,public_generator,true
cases/TC-0017.json,TC-0017,TR-PI-0017,ae775ccef9f2add0,2bbbca53c3aebd106ae897fd8821ab9367250b0761112be33966bb4528981c90,credential_harvesting,DSGAI02,Critical,critical,tr,tr,,tr,confirmation_trap,data_extraction,direct_mapping,in_scope,altaysec-seed-v0.1,public_generator,true
cases/TC-0018.json,TC-0018,TR-PI-0018,d775052e2e0a0eb6,b5681215eb041d797eed14582f94f3b461e16d4b6d5017c77a06045ed7ff4f7f,system_prompt_extraction,DSGAI15,High,low,tr,tr,,tr,confirmation_trap,data_extraction,direct_mapping,in_scope,altaysec-seed-v0.1,public_generator,true
cases/TC-0019.json,TC-0019,TR-PI-0019,3531da0538cf778f,3531da0538cf778fc102d381891c4f3dd5b64d0c6eb97d613711c5ff2ef70289,other,DSGAI05,Medium,medium,tr,tr,,tr,confirmation_trap,prompt_injection_control,direct_mapping,review,altaysec-seed-v0.1,public_generator,false
cases/TC-0020.json,TC-0020,TR-PI-0020,7e56efeda80fca1d,7e56efeda80fca1d645bd7d6fa7a54a98de5ca71f736f9b1a72195030225c597,direct_extraction,DSGAI01,High,medium,tr,tr,,tr,confirmation_trap,data_extraction,direct_mapping,in_scope,altaysec-seed-v0.1,public_generator,false
cases/TC-0021.json,TC-0021,TR-PI-0021,e2cc48e72d06e206,7d94edce029cda96e051d50f1d11d02e650f9a696deaac01eea9ac8f41fe540f,credential_harvesting,DSGAI02,Medium,high,tr,tr|en,,tr,echo_translation,prompt_injection_control,direct_mapping,review,altaysec-seed-v0.1,public_generator,true
cases/TC-0022.json,TC-0022,TR-PI-0022,a32632b59371e3d2,7fa1a471c7cdeec1d3d09e6e0c3503799ea3865eb008485c5a674ab8db81311c,credential_harvesting,DSGAI02,Medium,high,tr,tr|en,,tr,echo_translation,prompt_injection_control,direct_mapping,review,altaysec-seed-v0.1,public_generator,true
cases/TC-0023.json,TC-0023,TR-PI-0023,ae58db60ba3e2a26,45bc9b41129b59c89584d4e45c647955f769f9d37c1c64159f1d93dc7a9160c0,credential_harvesting,DSGAI02|DSGAI09,Medium,high,tr,tr,,tr,echo_translation,prompt_injection_control,direct_mapping,review,altaysec-seed-v0.1,public_generator,true
cases/TC-0024.json,TC-0024,TR-PI-0024,9d640a103f90f313,24a28d9d35ef6fb0831503ba2dae1c60df7a2d27b95fa9e7866f2db4ac65e3ca,direct_extraction,DSGAI01,Medium,high,tr,tr,,tr,echo_translation,prompt_injection_control,direct_mapping,review,altaysec-seed-v0.1,public_generator,true
cases/TC-0025.json,TC-0025,TR-PI-0025,11da3ffcc6ebb1ad,c675ce81ef1f12dac1cdab977e26369239984e6350b3735d1e950f5550afbf29,system_prompt_extraction,DSGAI15,Medium,high,tr,tr,,tr,echo_translation,prompt_injection_control,direct_mapping,review,altaysec-seed-v0.1,public_generator,true
cases/TC-0026.json,TC-0026,TR-PI-0026,39e3a01659039cd4,02de323693dea8802a73c75fb047b2018708e4981cf73551bcdb6c8fa693ae37,direct_extraction,DSGAI01,Medium,critical,tr,tr,,tr,echo_translation,prompt_injection_control,direct_mapping,review,altaysec-seed-v0.1,public_generator,true
cases/TC-0027.json,TC-0027,TR-PI-0027,8e7759011fd7dd21,88944dbc9a65d50de82ff2aee8668e0a03ba6eaea9d46d16095d08021e9043d0,credential_harvesting,DSGAI02,Medium,high,tr,tr,,tr,echo_translation,prompt_injection_control,direct_mapping,review,altaysec-seed-v0.1,public_generator,true
cases/TC-0028.json,TC-0028,TR-PI-0028,7ea6a14959055133,7ea6a1495905513329894c6c1d27005a63158c5a4665070ef31f1a99f78437e2,system_prompt_extraction,DSGAI15,Medium,high,tr,tr,,tr,echo_translation,prompt_injection_control,manual_review,review,altaysec-seed-v0.1,public_generator,false
cases/TC-0029.json,TC-0029,TR-PI-0029,c36aa1f6ff4d1620,44af86d32b19518e4d4b55e36aba293203279feb42f9eaa83421045564952259,credential_harvesting,DSGAI02,Medium,high,tr,tr,,tr,echo_translation,prompt_injection_control,direct_mapping,review,altaysec-seed-v0.1,public_generator,true
cases/TC-0030.json,TC-0030,TR-PI-0030,487ff85f09e32fb4,b47a04c78803cd42782029744b18cd05a5b8cbadd21ee59645f671bd581e2e21,direct_extraction,DSGAI01,Medium,critical,tr,tr,,tr,echo_translation,prompt_injection_control,direct_mapping,review,altaysec-seed-v0.1,public_generator,true
cases/TC-0031.json,TC-0031,TR-PI-0031,d6c6c896937a6688,d6c6c896937a6688271ea1c0d4e565e7764d0022c47e956e63b22f9ce3f4c462,other,DSGAI05,Medium,high,tr,tr,,tr,roleplay_theater,prompt_injection_control,manual_review,review,altaysec-seed-v0.1,public_generator,false
cases/TC-0032.json,TC-0032,TR-PI-0032,73182a3416aca776,73182a3416aca7767091a6b334d868cf4c3a99acbe27749cc988d1a9dabf57d0,other,DSGAI05,Medium,medium,tr,tr,,tr,roleplay_theater,prompt_injection_control,manual_review,review,altaysec-seed-v0.1,public_generator,false
cases/TC-0033.json,TC-0033,TR-PI-0033,47910170ba24aeb1,2263d7c49a08937d0602ae60af1f6bc916aa8d0a492c7844f40424c45f503548,other,DSGAI05,Medium,high,tr,tr,,tr,roleplay_theater,prompt_injection_control,manual_review,review,altaysec-seed-v0.1,public_generator,true
cases/TC-0034.json,TC-0034,TR-PI-0034,9d7b325db322322a,9d7b325db322322af51a904a51d878f913af5b724e4b694fb886fa1bbdefd5e4,credential_harvesting,DSGAI02,Medium,medium,tr,tr,,tr,roleplay_theater,prompt_injection_control,manual_review,review,altaysec-seed-v0.1,public_generator,false
cases/TC-0035.json,TC-0035,TR-PI-0035,be2e15c131139b35,be2e15c131139b355b66d3b5a014ede225c9d03070ab5d1caf0edaecd67e17eb,other,DSGAI05,Medium,medium,tr,tr,,tr,roleplay_theater,prompt_injection_control,manual_review,review,altaysec-seed-v0.1,public_generator,false
cases/TC-0036.json,TC-0036,TR-PI-0036,a4c66fea176249b2,2b8b90d2687161b11ef5e0bb434b30ffa06818a6fe0b46d67c33305cb4571e49,other,DSGAI05,Medium,high,tr,tr,,tr,roleplay_theater,prompt_injection_control,manual_review,review,altaysec-seed-v0.1,public_generator,true
cases/TC-0037.json,TC-0037,TR-PI-0037,e217d0ad5daa5bcb,e217d0ad5daa5bcbf86e15e0b5b6f8197b1bcf97c4fce252e115593f65845070,direct_extraction,DSGAI01|DSGAI10,Medium,high,tr,tr,,tr,roleplay_theater,prompt_injection_control,direct_mapping,review,altaysec-seed-v0.1,public_generator,false
cases/TC-0038.json,TC-0038,TR-PI-0038,1a16d8310fd00091,492a474f47c625eb8a0e2c2137e363e9d1d270359f643157ac82dbed257c2d73,other,DSGAI05,Medium,medium,tr,tr,,tr,roleplay_theater,prompt_injection_control,manual_review,review,altaysec-seed-v0.1,public_generator,true
cases/TC-0039.json,TC-0039,TR-PI-0039,43fd3b548387b0f0,43fd3b548387b0f0f2fa852efc5877f33011c21cc02d9b52f3fbaee2687da26f,system_prompt_extraction,DSGAI15,High,high,tr,tr,,tr,roleplay_theater,data_extraction,direct_mapping,in_scope,altaysec-seed-v0.1,public_generator,false
cases/TC-0040.json,TC-0040,TR-PI-0040,f886fc6628bebd9b,4a0c430256b5b9eb2ae3817ad1d2ba355d250547369b233ffc570e1a77b7bd08,other,DSGAI05,Medium,high,tr,tr,,tr,roleplay_theater,prompt_injection_control,manual_review,review,altaysec-seed-v0.1,public_generator,true
cases/TC-0041.json,TC-0041,TR-PI-0041,4dbb2b6a2d5d0b4d,4dbb2b6a2d5d0b4d5a36a3e07e10e0701446ebbc808a174378b76e88d8d0bd6f,system_prompt_extraction,DSGAI15,High,high,tr,tr,,tr,system_prompt_extract,data_extraction,direct_mapping,in_scope,altaysec-seed-v0.1,public_generator,false
cases/TC-0042.json,TC-0042,TR-PI-0042,e03b7c99c6995fe9,e03b7c99c6995fe99514ec0bd53ab7f2fa8056f78061f2a322cce51a1e6c5916,system_prompt_extraction,DSGAI15,High,high,tr,tr,,tr,system_prompt_extract,data_extraction,direct_mapping,in_scope,altaysec-seed-v0.1,public_generator,false
cases/TC-0043.json,TC-0043,TR-PI-0043,11042542b03a065d,11042542b03a065d4728915e380a1d1722dc29675d8fc08bcd26e3ce14242d61,system_prompt_extraction,DSGAI15,High,critical,tr,tr,,tr,system_prompt_extract,data_extraction,direct_mapping,in_scope,altaysec-seed-v0.1,public_generator,false
cases/TC-0044.json,TC-0044,TR-PI-0044,834d1d71d6432b6b,8c7df372fac47fd5a6dff575bee321dc73ef4ebddd91109ce9b4b22b471a6b55,system_prompt_extraction,DSGAI15,High,medium,tr,tr,,tr,system_prompt_extract,data_extraction,direct_mapping,in_scope,altaysec-seed-v0.1,public_generator,true
cases/TC-0045.json,TC-0045,TR-PI-0045,98ff1a7151c02e54,98ff1a7151c02e54332a88a6a37cddc6f63682143a750a420bc0e60d518fedc7,system_prompt_extraction,DSGAI15,High,medium,tr,tr,,tr,system_prompt_extract,data_extraction,direct_mapping,in_scope,altaysec-seed-v0.1,public_generator,false
cases/TC-0046.json,TC-0046,TR-PI-0046,a18e8d92bd1c4abe,a18e8d92bd1c4abe4ca52ebe5f51202e32130702c0d11e79f566f5ebd43b0ff1,system_prompt_extraction,DSGAI15,Medium,medium,tr,tr,,tr,system_prompt_extract,prompt_injection_control,manual_review,review,altaysec-seed-v0.1,public_generator,false
cases/TC-0047.json,TC-0047,TR-PI-0047,11719aa7495da7cd,11719aa7495da7cd5306a2ef920fa29bbb78e5d0bfa804520e8b43117e31dc70,system_prompt_extraction,DSGAI15,High,high,tr,tr,,tr,system_prompt_extract,data_extraction,direct_mapping,in_scope,altaysec-seed-v0.1,public_generator,false
cases/TC-0048.json,TC-0048,TR-PI-0048,81d2ec7345f7e6a4,81d2ec7345f7e6a4a0302f3daec953ecf102a099d0d41b7c60094b84309ece5c,system_prompt_extraction,DSGAI15,High,high,tr,tr,,tr,system_prompt_extract,data_extraction,direct_mapping,in_scope,altaysec-seed-v0.1,public_generator,false
cases/TC-0049.json,TC-0049,TR-PI-0049,7dfffea21a00e114,7dfffea21a00e114641fd8cb4341df224e9803c5fecb5ec13a34973d573603dd,system_prompt_extraction,DSGAI15,High,medium,tr,tr,,tr,system_prompt_extract,data_extraction,direct_mapping,in_scope,altaysec-seed-v0.1,public_generator,false
cases/TC-0050.json,TC-0050,TR-PI-0050,ff5615da34366664,ff5615da3436666407a76ab67f25e40a3c9a5a7ddac547a500af4f48449a3619,system_prompt_extraction,DSGAI15,High,critical,tr,tr,,tr,system_prompt_extract,data_extraction,direct_mapping,in_scope,altaysec-seed-v0.1,public_generator,false
cases/TC-0051.json,TC-0051,TR-PI-0051,12dfac32b86f5955,12dfac32b86f5955c95152de6e2a555d269acb8d925436793546d2e847d88bee,other,DSGAI05,Medium,medium,tr,tr,,tr,morphological_bypass,prompt_injection_control,direct_mapping,review,altaysec-seed-v0.1,public_generator,false
cases/TC-0052.json,TC-0052,TR-PI-0052,5acf50b236f10a4f,5acf50b236f10a4f9a9b8edc49f0970a0a59e71329ff1300911d4ee9bf907352,system_prompt_extraction,DSGAI15,High,medium,tr,tr,,tr,morphological_bypass,data_extraction,direct_mapping,in_scope,altaysec-seed-v0.1,public_generator,false
cases/TC-0053.json,TC-0053,TR-PI-0053,dfefb4620920396d,dfefb4620920396d992b33c04dc66514ce23dc1acf5b726b4d4dd48ae9101c2d,credential_harvesting,DSGAI02,High,low,tr,tr,,tr,morphological_bypass,data_extraction,direct_mapping,in_scope,altaysec-seed-v0.1,public_generator,false
cases/TC-0054.json,TC-0054,TR-PI-0054,ed6c770257bb5347,ed6c770257bb53476d0c4b2a7756f423d1a29f46d782647b21a3e18428563797,other,DSGAI05,Medium,medium,tr,tr,,tr,morphological_bypass,prompt_injection_control,direct_mapping,review,altaysec-seed-v0.1,public_generator,false
cases/TC-0055.json,TC-0055,TR-PI-0055,d3c67cae5e80d9e8,d3c67cae5e80d9e89ace8cbc39bb5a34db3fb3b10051277ab1852b119dad4dae,system_prompt_extraction,DSGAI15,High,medium,tr,tr,,tr,morphological_bypass,data_extraction,direct_mapping,in_scope,altaysec-seed-v0.1,public_generator,false
cases/TC-0056.json,TC-0056,TR-PI-0056,e5261139ec83b77b,e5261139ec83b77b1ca402a1a71a980860af2ce082ac7bfb0523d2c2d84743bd,other,DSGAI05,Medium,low,tr,tr,,tr,morphological_bypass,prompt_injection_control,manual_review,review,altaysec-seed-v0.1,public_generator,false
cases/TC-0057.json,TC-0057,TR-PI-0057,08170c8bd727a2b9,08170c8bd727a2b9cec2c48a2bdfea6db450c29f50a1a95573cb3accf2922637,credential_harvesting,DSGAI02,High,low,tr,tr,,tr,morphological_bypass,data_extraction,direct_mapping,in_scope,altaysec-seed-v0.1,public_generator,false
cases/TC-0058.json,TC-0058,TR-PI-0058,74563b8fa3cf83bd,74563b8fa3cf83bdbdbda770994650bc273d6fc1dcfe8144afc6177e2b4d2aca,other,DSGAI05,Medium,medium,tr,tr,,tr,morphological_bypass,prompt_injection_control,manual_review,review,altaysec-seed-v0.1,public_generator,false
cases/TC-0059.json,TC-0059,TR-PI-0059,0f5f82e0c96132b3,0f5f82e0c96132b36c4b6fe532c44644c94eb682834a88250841f3aa43bb889d,system_prompt_extraction,DSGAI15,High,medium,tr,tr,,tr,morphological_bypass,data_extraction,direct_mapping,in_scope,altaysec-seed-v0.1,public_generator,false
cases/TC-0060.json,TC-0060,TR-PI-0060,621f7cb3ba7b51e2,621f7cb3ba7b51e2d30a15918a50fc1acbddddac87b4757ca36594e9919761ea,other,DSGAI05,Medium,high,tr,tr,,tr,morphological_bypass,prompt_injection_control,direct_mapping,review,altaysec-seed-v0.1,public_generator,false
cases/TC-0061.json,TC-0061,TR-PI-0061,c94aa0bc20affc45,c94aa0bc20affc45e462a80dc5f109324aab5c4f5704960bf0919cf6d7dfa7ec,other,DSGAI05,Medium,low,tr,tr,,tr,politeness_escalation,prompt_injection_control,direct_mapping,review,altaysec-seed-v0.1,public_generator,false
cases/TC-0062.json,TC-0062,TR-PI-0062,faa2942c826fa649,faa2942c826fa649a90bed67d1cf2c2ec7a3bd949f2582d58475cb0501ee082a,other,DSGAI05,Medium,low,tr,tr,,tr,politeness_escalation,prompt_injection_control,direct_mapping,review,altaysec-seed-v0.1,public_generator,false
cases/TC-0063.json,TC-0063,TR-PI-0063,50b987fbb4472b0a,50b987fbb4472b0aaaa40198f312ae6f72ddb9b5c34a599944c4f3ac06f0680b,system_prompt_extraction,DSGAI15,High,medium,tr,tr,,tr,politeness_escalation,data_extraction,direct_mapping,in_scope,altaysec-seed-v0.1,public_generator,false
cases/TC-0064.json,TC-0064,TR-PI-0064,cb5d19a3a0f42610,cb5d19a3a0f42610da558b4541225a8ce570f45078b7113660675f2a246a81b6,other,DSGAI05,Medium,medium,tr,tr,,tr,politeness_escalation,prompt_injection_control,manual_review,review,altaysec-seed-v0.1,public_generator,false
cases/TC-0065.json,TC-0065,TR-PI-0065,7f91cf23e24679a7,7f91cf23e24679a70991610152d03200543b516469ce08d98636c5ac468c8ce5,other,DSGAI05,Medium,medium,tr,tr,,tr,politeness_escalation,prompt_injection_control,manual_review,review,altaysec-seed-v0.1,public_generator,false
cases/TC-0066.json,TC-0066,TR-PI-0066,07e14f60403c5dec,07e14f60403c5dec65aef54679740c7c033acb610ba64c6e9fe1f2b8b50be0d2,other,DSGAI05,Medium,medium,tr,tr,,tr,politeness_escalation,prompt_injection_control,manual_review,review,altaysec-seed-v0.1,public_generator,false
cases/TC-0067.json,TC-0067,TR-PI-0067,70a33b768ebecbd5,70a33b768ebecbd58dd80cb2a4b8edd021ac622ed2e632fb16b6e8f12634688b,credential_harvesting,DSGAI02,High,low,tr,tr,,tr,politeness_escalation,data_extraction,direct_mapping,in_scope,altaysec-seed-v0.1,public_generator,false
cases/TC-0068.json,TC-0068,TR-PI-0068,bdb72e6244e43fba,bdb72e6244e43fbaac4b04ac060f3cf0e9fd25698102bc9306176c075e0bce30,other,DSGAI05,Medium,medium,tr,tr,,tr,politeness_escalation,prompt_injection_control,manual_review,review,altaysec-seed-v0.1,public_generator,false
cases/TC-0069.json,TC-0069,TR-PI-0069,984ee8ac8f6bfa06,984ee8ac8f6bfa0673d165d9216599872f3437aa7f146c50926b2b011ced41ac,other,DSGAI05,Medium,medium,tr,tr,,tr,politeness_escalation,prompt_injection_control,manual_review,review,altaysec-seed-v0.1,public_generator,false
cases/TC-0070.json,TC-0070,TR-PI-0070,f1e55e4e84cbf212,f1e55e4e84cbf212130f56b38771ddea05b4869cebdb7fa78fd4d3b05426da7e,other,DSGAI05,Medium,medium,tr,tr,,tr,politeness_escalation,prompt_injection_control,manual_review,review,altaysec-seed-v0.1,public_generator,false
cases/TC-0071.json,TC-0071,TR-PI-0071,448bb99812adaac8,448bb99812adaac88fb44f687b6faca2de06a4bffc50efe483b57fb4b71bbf39,system_prompt_extraction,DSGAI15,High,high,tr,tr|en,,tr-en,code_switching,data_extraction,direct_mapping,in_scope,altaysec-seed-v0.1,public_generator,false
cases/TC-0072.json,TC-0072,TR-PI-0072,db1885f679c51b5f,db1885f679c51b5f8835c14f37c199084b4c0bf283fb72c52a3d2a61310b87f3,other,DSGAI05,Medium,medium,tr,tr|en,,tr-en,code_switching,prompt_injection_control,manual_review,review,altaysec-seed-v0.1,public_generator,false
cases/TC-0073.json,TC-0073,TR-PI-0073,195a2c84eb19e65e,195a2c84eb19e65e8caa1c212724db5bcbbdf53e3aee21527e75e50647ea9992,other,DSGAI05,Medium,high,tr,tr|en,,tr-en,code_switching,prompt_injection_control,manual_review,review,altaysec-seed-v0.1,public_generator,false
cases/TC-0074.json,TC-0074,TR-PI-0074,e9db37d72b5d47de,e9db37d72b5d47dec84484186d76b4bce57e7c464d7a354f6cf87a97d4d31d30,other,DSGAI05,Medium,high,tr,tr|en,,tr-en,code_switching,prompt_injection_control,manual_review,review,altaysec-seed-v0.1,public_generator,false
cases/TC-0075.json,TC-0075,TR-PI-0075,1597e38f948d774d,1597e38f948d774d69c0ea4e4ffa6b7278d5d24526b180456b103af248841b98,other,DSGAI05,Medium,medium,tr,tr|en,,tr-en,code_switching,prompt_injection_control,direct_mapping,review,altaysec-seed-v0.1,public_generator,false
cases/TC-0076.json,TC-0076,TR-PI-0076,2b55f45ac552ff2f,38d93f43e424d9f13e18469dd8425f02e5732821ef099dd3b54f9f96aac51803,credential_harvesting,DSGAI02,Medium,high,en,en,,tr-en,code_switching,prompt_injection_control,direct_mapping,review,altaysec-seed-v0.1,public_generator,true
cases/TC-0077.json,TC-0077,TR-PI-0077,86c5c323b4d9a8aa,86c5c323b4d9a8aaa2cf2e5583017b10810568dbe8232af59b30179eee623bc1,system_prompt_extraction,DSGAI15,High,medium,tr,tr|en,,tr-en,code_switching,data_extraction,direct_mapping,in_scope,altaysec-seed-v0.1,public_generator,false
cases/TC-0078.json,TC-0078,TR-PI-0078,3605601144e9163e,1c9ed5e108adbf08b0621e06b73eee8c9e723adea234640721448d17f8045956,other,DSGAI05,Medium,high,tr,tr|en,,tr-en,code_switching,prompt_injection_control,manual_review,review,altaysec-seed-v0.1,public_generator,true
cases/TC-0079.json,TC-0079,TR-PI-0079,392c7b0487781f8a,392c7b0487781f8a1a7caa3a60f80c6c65382878e61abd19291392873bc4365a,other,DSGAI05,Medium,high,tr,tr|en,,tr-en,code_switching,prompt_injection_control,manual_review,review,altaysec-seed-v0.1,public_generator,false
cases/TC-0080.json,TC-0080,TR-PI-0080,09866d045db29eef,09866d045db29eef8e32b5ff0a2893e237ae7dcd9a31c39e73a8ab37f926d48b,other,DSGAI05,Medium,medium,tr,tr,,tr-en,code_switching,prompt_injection_control,direct_mapping,review,altaysec-seed-v0.1,public_generator,false
cases/TC-0081.json,TC-0081,TR-PI-0081,7a80ce3b87baed6b,7a80ce3b87baed6b8e9c4837786dace70104cb4ceb93ebd307caa1e077e34844,system_prompt_extraction,DSGAI15|DSGAI06,High,high,tr,tr,,tr,indirect_injection,data_extraction,direct_mapping,in_scope,altaysec-seed-v0.1,public_generator,false
cases/TC-0082.json,TC-0082,TR-PI-0082,3a1ca96c3ee7d332,3a1ca96c3ee7d332b52d59daf8ec2e5033ff283858efc98e5cda03d8033eced7,system_prompt_extraction,DSGAI15|DSGAI06,High,high,tr,tr,,tr,indirect_injection,data_extraction,direct_mapping,in_scope,altaysec-seed-v0.1,public_generator,false
cases/TC-0083.json,TC-0083,TR-PI-0083,c30b837a8adb78a6,c30b837a8adb78a6221f8c3d01e2dd0274486eef8323a74bb7290955ef648deb,system_prompt_extraction,DSGAI15|DSGAI06|DSGAI09,Medium,critical,tr,tr,,tr,indirect_injection,prompt_injection_control,manual_review,review,altaysec-seed-v0.1,public_generator,false
cases/TC-0084.json,TC-0084,TR-PI-0084,7033ea59285425f0,7033ea59285425f0881628722c97a277f6c3e1d2be97136e65ba4921b08b4180,tool_plugin_leakage,DSGAI06,Medium,high,tr,tr,,tr,indirect_injection,prompt_injection_control,manual_review,review,altaysec-seed-v0.1,public_generator,false
cases/TC-0085.json,TC-0085,TR-PI-0085,37cb1fa1f5d58408,37cb1fa1f5d584085ed3513171e20b62e2de44ad78f0dde28eca8869dbce9dd6,system_prompt_extraction,DSGAI15|DSGAI06,High,high,tr,tr,,tr,indirect_injection,data_extraction,direct_mapping,in_scope,altaysec-seed-v0.1,public_generator,false
cases/TC-0086.json,TC-0086,TR-PI-0086,49bb9f2a13a32d63,49bb9f2a13a32d636ce4dd2014fa3dfcec6c995e02b481c423228aa86a3114e0,system_prompt_extraction,DSGAI15|DSGAI06,High,high,tr,tr|en,,tr,indirect_injection,data_extraction,direct_mapping,in_scope,altaysec-seed-v0.1,public_generator,false
cases/TC-0087.json,TC-0087,TR-PI-0087,4764a0ff3039155e,1d125ee589ca8e7d32014f16b189f09357f0f284817b9825b0f5e7a5bf8acc91,tool_plugin_leakage,DSGAI06|DSGAI09|DSGAI21,Medium,high,tr,tr,,tr,indirect_injection,prompt_injection_control,direct_mapping,review,altaysec-seed-v0.1,public_generator,true
cases/TC-0088.json,TC-0088,TR-PI-0088,9d5592842a11708e,2f38ea18ebad67a9074aaf7c03ea3c74405247eb661bf230314bfba3e95156c1,credential_harvesting,DSGAI02|DSGAI06,High,high,tr,tr|en,,tr,indirect_injection,data_extraction,direct_mapping,in_scope,altaysec-seed-v0.1,public_generator,true
cases/TC-0089.json,TC-0089,TR-PI-0089,75739febd74f05a2,30993317b9c6fb6f7ded759bdaac08a7aa90224bccdedd614b22e36c856d1a83,tool_plugin_leakage,DSGAI06,High,high,en,en,,tr,indirect_injection,data_extraction,manual_review,in_scope,altaysec-seed-v0.1,public_generator,true
cases/TC-0090.json,TC-0090,TR-PI-0090,3e942b0e0584b93e,25b397f3af49f4e54456066e3094f3cff198f7fcc67d531a5d24b07f937de2bf,tool_plugin_leakage,DSGAI06,Medium,high,tr,tr,,tr,indirect_injection,prompt_injection_control,manual_review,review,altaysec-seed-v0.1,public_generator,true
cases/TC-0091.json,TC-0091,TR-PI-0091,de42fa3b418ebb53,de42fa3b418ebb53f63bf818bfb77483172e87dfd8bdc34f75fa41bedbb139ea,system_prompt_extraction,DSGAI15,High,high,tr,tr,,tr,encoding_obfuscation,data_extraction,direct_mapping,in_scope,altaysec-seed-v0.1,public_generator,false
cases/TC-0092.json,TC-0092,TR-PI-0092,849232983132ff89,849232983132ff8905af2d784e069abe0c7923a8c41380b70b6f656253bc8a27,system_prompt_extraction,DSGAI15,High,medium,tr,tr,,tr,encoding_obfuscation,data_extraction,direct_mapping,in_scope,altaysec-seed-v0.1,public_generator,false
cases/TC-0093.json,TC-0093,TR-PI-0093,791c53b0b3e98a13,791c53b0b3e98a13e1720313f5c8e753d72d820db420dc44f3df8b19d71aee38,system_prompt_extraction,DSGAI15,High,medium,tr,tr,,tr,encoding_obfuscation,data_extraction,direct_mapping,in_scope,altaysec-seed-v0.1,public_generator,false
cases/TC-0094.json,TC-0094,TR-PI-0094,7a318f6ab438f29a,7a318f6ab438f29a0fc6703130c29dce895dca49ccdb9ca5d68000f1d505100e,system_prompt_extraction,DSGAI15,High,medium,tr,tr,,tr,encoding_obfuscation,data_extraction,direct_mapping,in_scope,altaysec-seed-v0.1,public_generator,false
cases/TC-0095.json,TC-0095,TR-PI-0095,a4d26ee00bf63cd5,a4d26ee00bf63cd524cd60609ce1866e2869c59c6437384b2fe823d97eb12a6d,system_prompt_extraction,DSGAI15,High,medium,tr,tr,,tr,encoding_obfuscation,data_extraction,direct_mapping,in_scope,altaysec-seed-v0.1,public_generator,false
cases/TC-0096.json,TC-0096,TR-PI-0096,3d9afaa14132a0fc,3d9afaa14132a0fc1c97dd5b18cb536fc21449adc935a04b12d277e649df3f9a,system_prompt_extraction,DSGAI15,High,low,tr,tr,,tr,encoding_obfuscation,data_extraction,direct_mapping,in_scope,altaysec-seed-v0.1,public_generator,false
cases/TC-0097.json,TC-0097,TR-PI-0097,6b6c7d1a62404b2b,6b6c7d1a62404b2bb669882753cbed5bc46f835ed49c7c8a42945473f26137bd,system_prompt_extraction,DSGAI15,High,medium,tr,tr|en,,tr,encoding_obfuscation,data_extraction,direct_mapping,in_scope,altaysec-seed-v0.1,public_generator,false
cases/TC-0098.json,TC-0098,TR-PI-0098,bfdc8cec96a51457,bfdc8cec96a514576e5cff0fd9691c8a123484c9bdbddbfcd380e342de6e1dd3,system_prompt_extraction,DSGAI15,High,medium,tr,tr,tr,tr,encoding_obfuscation,data_extraction,direct_mapping,in_scope,altaysec-seed-v0.1,public_generator,false
cases/TC-0099.json,TC-0099,TR-PI-0099,7cdb333f3071f284,7cdb333f3071f2840b1ac797957d69ed04bc70415642e5bde1ac53aa425e7c84,system_prompt_extraction,DSGAI15,High,low,tr,tr,tr,tr,encoding_obfuscation,data_extraction,direct_mapping,in_scope,altaysec-seed-v0.1,public_generator,false
cases/TC-0100.json,TC-0100,TR-PI-0100,07c039547c015a2d,07c039547c015a2d60c61ba4b1847ff61f0b9caffc55d21fd7fe191d8ac19425,system_prompt_extraction,DSGAI15,High,low,en,en|tr,tr,tr,encoding_obfuscation,data_extraction,direct_mapping,in_scope,altaysec-seed-v0.1,public_generator,false
cases/TC-0101.json,TC-0101,TR-PI-0101,a84a1e6e4d189cd9,a84a1e6e4d189cd9f89e4fe5701b76aa0cedd6751f9dfa14d0e5584f9c2b0c00,other,DSGAI05|DSGAI21,Medium,medium,tr,tr,,tr,cultural_manipulation,prompt_injection_control,direct_mapping,review,altaysec-seed-v0.1,public_generator,false
cases/TC-0102.json,TC-0102,TR-PI-0102,dd77f2c233fe3a3f,1b305e020e1e7cb78074face62e4cac6c998de8dbc2938b85c466856b1939621,other,DSGAI05,Medium,medium,tr,tr,,tr,cultural_manipulation,prompt_injection_control,manual_review,review,altaysec-seed-v0.1,public_generator,true
cases/TC-0103.json,TC-0103,TR-PI-0103,6b628a9eb1b16b97,6b628a9eb1b16b971a52bd4d0825ef355daac2d484df1ba0a655c6da5fea00a1,system_prompt_extraction,DSGAI15,High,medium,tr,tr,,tr,cultural_manipulation,data_extraction,direct_mapping,in_scope,altaysec-seed-v0.1,public_generator,false
cases/TC-0104.json,TC-0104,TR-PI-0104,f980d6792df4f6ed,f980d6792df4f6edd81cce3ddf37f44512ced6ac3bc300de059b657364ced673,credential_harvesting,DSGAI02,High,low,tr,tr,,tr,cultural_manipulation,data_extraction,direct_mapping,in_scope,altaysec-seed-v0.1,public_generator,false
cases/TC-0105.json,TC-0105,TR-PI-0105,23b06d632501cb99,23b06d632501cb99c119af76c59f457067b7bf9bc9a99c0942ae085005dd8653,other,DSGAI05|DSGAI21,Medium,medium,tr,tr,,tr,cultural_manipulation,prompt_injection_control,direct_mapping,review,altaysec-seed-v0.1,public_generator,false
cases/TC-0106.json,TC-0106,TR-PI-0106,40fd8b00972b34c9,40fd8b00972b34c9b968a53f080bf00253038bd6a8e8a9f5bc305b71d8685f81,credential_harvesting,DSGAI02,Medium,low,tr,tr,,tr,cultural_manipulation,prompt_injection_control,direct_mapping,review,altaysec-seed-v0.1,public_generator,false
cases/TC-0107.json,TC-0107,TR-PI-0107,9d315ef90ba3c264,9d315ef90ba3c264d4f6943ba42c7ac301503d6caae1bec9e3552917b4ffacc6,credential_harvesting,DSGAI02,High,medium,tr,tr,,tr,cultural_manipulation,data_extraction,manual_review,in_scope,altaysec-seed-v0.1,public_generator,false
cases/TC-0108.json,TC-0108,TR-PI-0108,40542e8c361fda8f,40542e8c361fda8ff262f8d7d8d841848fa6d2f9f90793f77ad5650a4e6c6e9d,other,DSGAI05,Medium,low,tr,tr,,tr,cultural_manipulation,prompt_injection_control,manual_review,review,altaysec-seed-v0.1,public_generator,false
cases/TC-0109.json,TC-0109,TR-PI-0109,2e2a72fd740babf1,4123acd129bc338e10bdcb2f5857b6828cc941c6e30ca895c296888d9fb16014,credential_harvesting,DSGAI02|DSGAI21,High,low,tr,tr,,tr,cultural_manipulation,data_extraction,direct_mapping,in_scope,altaysec-seed-v0.1,public_generator,true
cases/TC-0110.json,TC-0110,TR-PI-0110,5c4c50b64f3c4f92,fc8df19a6010f8ada3176ebb43abfe9b5e5a5b5582d843cf7d5e5f3330c0c03f,other,DSGAI05,Medium,medium,tr,tr,,tr,cultural_manipulation,prompt_injection_control,manual_review,review,altaysec-seed-v0.1,public_generator,true
cases/TC-0111.json,TC-0111,TR-PI-0111,7816b9b21afdaa9f,c36ac412ad450f7c9c6b0948e4ad0f935c9cadf26d997205741af6d7d55e389f,direct_extraction,DSGAI01,Critical,critical,tr,tr,,tr,pii_exfiltration,data_extraction,direct_mapping,in_scope,altaysec-seed-v0.1,public_generator,true
cases/TC-0112.json,TC-0112,TR-PI-0112,4e39224ca470079b,4e39224ca470079b50ea33894f6c944d6a3b9da5c0fdf48ce798b88454073544,direct_extraction,DSGAI01,Critical,critical,tr,tr,,tr,pii_exfiltration,data_extraction,direct_mapping,in_scope,altaysec-seed-v0.1,public_generator,false
cases/TC-0113.json,TC-0113,TR-PI-0113,524dbbaacbca7702,524dbbaacbca770256cd9027e971d0eda310b0f2e49d3f2bba60410901567d13,direct_extraction,DSGAI01,Critical,critical,tr,tr,,tr,pii_exfiltration,data_extraction,direct_mapping,in_scope,altaysec-seed-v0.1,public_generator,false
cases/TC-0114.json,TC-0114,TR-PI-0114,df68e4679fc7b171,df68e4679fc7b17144d022b79ec9f650ba7dc6c2b88051108ced067cebb29832,direct_extraction,DSGAI01|DSGAI10,Medium,high,tr,tr,,tr,pii_exfiltration,prompt_injection_control,direct_mapping,review,altaysec-seed-v0.1,public_generator,false
cases/TC-0115.json,TC-0115,TR-PI-0115,d190d34c4d176f2b,d190d34c4d176f2b300d058f0fbbb8e5257e0d7e0e409551a411164753ca0873,direct_extraction,DSGAI01,High,high,tr,tr,,tr,pii_exfiltration,data_extraction,direct_mapping,in_scope,altaysec-seed-v0.1,public_generator,false
cases/TC-0116.json,TC-0116,TR-PI-0116,9927a192b35fa40d,9927a192b35fa40d86f7949f693ddaef072ff0c0b27f781edf99799207009290,direct_extraction,DSGAI01,Critical,critical,tr,tr,,tr,pii_exfiltration,data_extraction,direct_mapping,in_scope,altaysec-seed-v0.1,public_generator,false
cases/TC-0117.json,TC-0117,TR-PI-0117,323f8b8fd3bdd5d6,323f8b8fd3bdd5d67dc4c3035b9c3bad19a5b1cb1862a9c453c308e393477983,direct_extraction,DSGAI01,Critical,critical,tr,tr,,tr,pii_exfiltration,data_extraction,direct_mapping,in_scope,altaysec-seed-v0.1,public_generator,false
cases/TC-0118.json,TC-0118,TR-PI-0118,845aee4a5b3783a1,845aee4a5b3783a1c270a059f697ee70105ecf7eca15c4ef33ed6d2d2521999b,direct_extraction,DSGAI01,Critical,critical,tr,tr,,tr,pii_exfiltration,data_extraction,direct_mapping,in_scope,altaysec-seed-v0.1,public_generator,false
cases/TC-0119.json,TC-0119,TR-PI-0119,1066057e6c32799c,1066057e6c32799c73a818acb954b380564e62492d1bf3ec75679a31e52b83bb,direct_extraction,DSGAI01,High,high,tr,tr,,tr,pii_exfiltration,data_extraction,direct_mapping,in_scope,altaysec-seed-v0.1,public_generator,false
cases/TC-0120.json,TC-0120,TR-PI-0120,4139ec1c970bb9f0,4139ec1c970bb9f044f4dedcf08ad2d214515327a0eac4cd1c7fdcd8e243a89a,direct_extraction,DSGAI01,Critical,critical,tr,tr,,tr,pii_exfiltration,data_extraction,direct_mapping,in_scope,altaysec-seed-v0.1,public_generator,false
cases/TC-0121.json,TC-0121,TR-PI-0121,28141ddd7a697e74,fe7f2053a64b21b2a4e96a1b87550eb4200ed039241e06027006dcd793adeb7d,system_prompt_extraction,DSGAI15,High,high,tr,tr,,tr,authority_urgency,data_extraction,direct_mapping,in_scope,altaysec-seed-v0.2,pinned_snapshot_only,true
cases/TC-0122.json,TC-0122,TR-PI-0122,8f0b3bd521e2afcb,a7bd9f00897b51e67448bd9ed09ab9a0598267a55759db97f709cc91507c8f28,direct_extraction,DSGAI01,Critical,critical,tr,tr,,tr,authority_urgency,data_extraction,direct_mapping,in_scope,altaysec-seed-v0.2,pinned_snapshot_only,true
cases/TC-0123.json,TC-0123,TR-PI-0123,5a7cb7194090deec,d76e6ec4318a6b96d2988ee9a7b075358f08acb7afc974d3e3392004b89c499c,direct_extraction,DSGAI01,High,high,tr,tr,,tr,authority_urgency,data_extraction,direct_mapping,in_scope,altaysec-seed-v0.2,pinned_snapshot_only,true
cases/TC-0124.json,TC-0124,TR-PI-0124,3c377223e5a0f7d0,d5ec3478bc5b6dc117eb0fe448549888ab9ec1efbf918962bc7d90a339fb4a35,direct_extraction,DSGAI01,Critical,critical,tr,tr,,tr,authority_urgency,data_extraction,direct_mapping,in_scope,altaysec-seed-v0.2,pinned_snapshot_only,true
cases/TC-0125.json,TC-0125,TR-PI-0125,813e2356cc4fbbcd,643390571b9c08775df337243f2666470889dbf17eb3767780c8491f2b70cef5,credential_harvesting,DSGAI02,Critical,critical,tr,tr,,tr,authority_urgency,data_extraction,direct_mapping,in_scope,altaysec-seed-v0.2,pinned_snapshot_only,true
cases/TC-0126.json,TC-0126,TR-PI-0126,b14f9c8d65d88e83,691262325ca338c193c356efa73cef3c95686942a7f4bd205a678238d662dbc3,direct_extraction,DSGAI01,High,high,tr,tr,,tr,authority_urgency,data_extraction,direct_mapping,in_scope,altaysec-seed-v0.2,pinned_snapshot_only,true
cases/TC-0127.json,TC-0127,TR-PI-0127,c4d95ae4f685db56,c17cc105e755a45fbf735a781a37aee7d491fb64247d1a6dd5a332c9525ff1c5,system_prompt_extraction,DSGAI15,High,high,tr,tr,,tr,authority_urgency,data_extraction,direct_mapping,in_scope,altaysec-seed-v0.2,pinned_snapshot_only,true
cases/TC-0128.json,TC-0128,TR-PI-0128,7d11b4a99b5335f5,73c248ecbc9aea745ef878e2716eacb5ad80c20959b306fba46183b32e55baab,direct_extraction,DSGAI01,High,high,tr,tr,,tr,authority_urgency,data_extraction,direct_mapping,in_scope,altaysec-seed-v0.2,pinned_snapshot_only,true
cases/TC-0129.json,TC-0129,TR-PI-0129,80e469e13e68db3a,a4cd603ce0272a42f2dacbdf22b4bf02c2c4dcb18cc7452c185700501f63cf0b,system_prompt_extraction,DSGAI15,High,high,tr,tr,,tr,authority_urgency,data_extraction,manual_review,in_scope,altaysec-seed-v0.2,pinned_snapshot_only,true
cases/TC-0130.json,TC-0130,TR-PI-0130,d3d27b17725f1646,917e8404a32922f374461a81e1f3d818e82de7a8f8a5ddc68bdc35d7d8f1f7cc,credential_harvesting,DSGAI02,Critical,critical,tr,tr,,tr,authority_urgency,data_extraction,direct_mapping,in_scope,altaysec-seed-v0.2,pinned_snapshot_only,true
cases/TC-0131.json,TC-0131,TR-PI-0131,228f3789e5435be8,2c89ba2ae9402c8b7e6c3898c67abf3eef9b314d5069706fe3b2cda7c6843b62,system_prompt_extraction,DSGAI15,High,high,tr,tr,,tr,authority_urgency,data_extraction,direct_mapping,in_scope,altaysec-seed-v0.2,pinned_snapshot_only,true
cases/TC-0132.json,TC-0132,TR-PI-0132,c355800d64f4b4a4,5c4d187c05014bc72e30396142523256693bd9455eb64ea83313d8a370fc1943,direct_extraction,DSGAI01,High,high,tr,tr,,tr,authority_urgency,data_extraction,direct_mapping,in_scope,altaysec-seed-v0.2,pinned_snapshot_only,true
cases/TC-0133.json,TC-0133,TR-PI-0133,7742ff632ca623dd,7742ff632ca623dd156414d1697f2cb01f34710b2cbe02815d2d7494d71b2202,system_prompt_extraction,DSGAI15,High,high,tr,tr,,tr,authority_urgency,data_extraction,manual_review,in_scope,altaysec-seed-v0.2,pinned_snapshot_only,false
cases/TC-0134.json,TC-0134,TR-PI-0134,beeb89fe80cef031,beeb89fe80cef03104b44ff9f23ffa821724d76feaf013c86dc439d2b6274322,direct_extraction,DSGAI01,High,medium,tr,tr,,tr,authority_urgency,data_extraction,direct_mapping,in_scope,altaysec-seed-v0.2,pinned_snapshot_only,false
cases/TC-0135.json,TC-0135,TR-PI-0135,6ca8209b3e95f011,58877701fedde7f6c7af6b691bbd36de0890e5018559271f17f4c9cde5eb4877,system_prompt_extraction,DSGAI15,High,high,tr,tr,,tr,authority_urgency,data_extraction,manual_review,in_scope,altaysec-seed-v0.2,pinned_snapshot_only,true
cases/TC-0136.json,TC-0136,TR-PI-0136,20099244094c40ae,62fed30ce7af3755375a2cf22186b95751a94e4757f95ca295f4e4dbf2e36607,direct_extraction,DSGAI01,High,high,tr,tr,,tr,confirmation_trap,data_extraction,direct_mapping,in_scope,altaysec-seed-v0.2,pinned_snapshot_only,true
cases/TC-0137.json,TC-0137,TR-PI-0137,30590d706781aaa7,0937a0999180771ab58f554e4c31d7491e711de67f0b31e42f49c9018dfd432e,credential_harvesting,DSGAI02,Critical,critical,tr,tr,,tr,confirmation_trap,data_extraction,direct_mapping,in_scope,altaysec-seed-v0.2,pinned_snapshot_only,true
cases/TC-0138.json,TC-0138,TR-PI-0138,32d7bafafa5de315,f5636a95109f64d156a547c122f091c7c5f621f8465785fd47d17f24bb7d0ff7,credential_harvesting,DSGAI02,High,high,tr,tr,,tr,confirmation_trap,data_extraction,direct_mapping,in_scope,altaysec-seed-v0.2,pinned_snapshot_only,true
cases/TC-0139.json,TC-0139,TR-PI-0139,1d272ce8fdb98366,2febe353762c913f5b36c99a1c9d9cdaa19b8055e58ac1e9ab3854a9949b36fa,credential_harvesting,DSGAI02,High,medium,tr,tr,,tr,confirmation_trap,data_extraction,direct_mapping,in_scope,altaysec-seed-v0.2,pinned_snapshot_only,true
cases/TC-0140.json,TC-0140,TR-PI-0140,d4be269a20244f9c,d4be269a20244f9c36b1afa42384557678656ed2245851f2c53c7bf356a65a48,credential_harvesting,DSGAI02,High,high,tr,tr,,tr,confirmation_trap,data_extraction,direct_mapping,in_scope,altaysec-seed-v0.2,pinned_snapshot_only,true
cases/TC-0141.json,TC-0141,TR-PI-0141,fe61efe397248e46,ba012d206eed8202fe81497e91bbf38b40436ef9747b7551ba6ae53e98ad0a23,direct_extraction,DSGAI01,High,medium,tr,tr,,tr,confirmation_trap,data_extraction,manual_review,in_scope,altaysec-seed-v0.2,pinned_snapshot_only,true
cases/TC-0142.json,TC-0142,TR-PI-0142,1e0aa431f9d11cf1,33630601e72007405aac16057bc3c8a25b71fb24919c0539874f87b5121db7ba,credential_harvesting,DSGAI02,High,high,tr,tr,,tr,confirmation_trap,data_extraction,direct_mapping,in_scope,altaysec-seed-v0.2,pinned_snapshot_only,true
cases/TC-0143.json,TC-0143,TR-PI-0143,fa160c8f9bc82aaa,fa160c8f9bc82aaa9333046aeba5fe5ff56f3c9d0b498634b620d8927949c2c4,direct_extraction,DSGAI01,High,medium,tr,tr,,tr,confirmation_trap,data_extraction,direct_mapping,in_scope,altaysec-seed-v0.2,pinned_snapshot_only,false
cases/TC-0144.json,TC-0144,TR-PI-0144,c3c84b332baafc12,d3d2c42c1a5959a0131b9fa5dda033ac193ad4f6df88468d168afee7a5278ada,credential_harvesting,DSGAI02,High,high,tr,tr,,tr,confirmation_trap,data_extraction,direct_mapping,in_scope,altaysec-seed-v0.2,pinned_snapshot_only,true
cases/TC-0145.json,TC-0145,TR-PI-0145,24b949e9f88bf2ce,24b949e9f88bf2ce3bead80f68e4eeafb455c96846deaa5dc76827ae3e2ab244,credential_harvesting,DSGAI02,High,high,tr,tr,,tr,confirmation_trap,data_extraction,direct_mapping,in_scope,altaysec-seed-v0.2,pinned_snapshot_only,false
cases/TC-0146.json,TC-0146,TR-PI-0146,4818e134d7232d5c,8d4baa193f5350310220e3c4650274f204ea1d08a7c641e559cfbcb438a36ed5,credential_harvesting,DSGAI02,Critical,critical,tr,tr,,tr,confirmation_trap,data_extraction,direct_mapping,in_scope,altaysec-seed-v0.2,pinned_snapshot_only,true
cases/TC-0147.json,TC-0147,TR-PI-0147,7a1014522cbb89b3,0a62fce0fdbc2140a60ef8bca0a9c81742489d830299d4b5b5b9311fc5f03cd7,credential_harvesting,DSGAI02,Critical,critical,tr,tr,,tr,confirmation_trap,data_extraction,direct_mapping,in_scope,altaysec-seed-v0.2,pinned_snapshot_only,true
cases/TC-0148.json,TC-0148,TR-PI-0148,081f01609fa08036,603d3363e3ab480c8838f1716f33c769c376a6be851ec6e46e7b085cc6f5b0b5,credential_harvesting,DSGAI02,High,medium,tr,tr,,tr,confirmation_trap,data_extraction,direct_mapping,in_scope,altaysec-seed-v0.2,pinned_snapshot_only,true
cases/TC-0149.json,TC-0149,TR-PI-0149,5ed1572c14f7a637,5ed1572c14f7a6376eb32718a5564ee98d6d79ad99899a004d55636510ad218a,direct_extraction,DSGAI01,High,high,tr,tr,,tr,confirmation_trap,data_extraction,direct_mapping,in_scope,altaysec-seed-v0.2,pinned_snapshot_only,false
cases/TC-0150.json,TC-0150,TR-PI-0150,1cb0ee784d1fdc2d,33af90d0e485fe8944923e7960255b70890648ab442db1af2cd6538a4da6b990,credential_harvesting,DSGAI02,High,medium,tr,tr,,tr,confirmation_trap,data_extraction,direct_mapping,in_scope,altaysec-seed-v0.2,pinned_snapshot_only,true
cases/TC-0151.json,TC-0151,TR-PI-0151,04a8c2cb7606c908,04a8c2cb7606c90819d161f4e18b14ea78bba84cc312609a78a55eda05371b99,system_prompt_extraction,DSGAI15,High,high,tr,tr,,tr,echo_translation,data_extraction,direct_mapping,in_scope,altaysec-seed-v0.2,pinned_snapshot_only,false
cases/TC-0152.json,TC-0152,TR-PI-0152,8bb33095fee2549e,8bb33095fee2549e4b1fe438b13ebe8c5f4bf412867dd5a353ea874ba276dcff,system_prompt_extraction,DSGAI15,High,critical,tr,tr,,tr,echo_translation,data_extraction,direct_mapping,in_scope,altaysec-seed-v0.2,pinned_snapshot_only,false
cases/TC-0153.json,TC-0153,TR-PI-0153,fadf00e15ff2ff0b,951a7fcfb36d95c5e9f71822214c916b56d28068088e0c62bf68370115b5ce81,direct_extraction,DSGAI01,Medium,high,tr,tr,,tr,echo_translation,prompt_injection_control,direct_mapping,review,altaysec-seed-v0.2,pinned_snapshot_only,true
cases/TC-0154.json,TC-0154,TR-PI-0154,f79ccb2d5173ef02,f2a7a03ccfcd8dc8f94da4c810604c189f15945c852ff9ee01113ea23608466d,direct_extraction,DSGAI01,Critical,critical,tr,tr,,tr,echo_translation,data_extraction,manual_review,in_scope,altaysec-seed-v0.2,pinned_snapshot_only,true
cases/TC-0155.json,TC-0155,TR-PI-0155,96812bdb522db69c,96812bdb522db69c82a53ceb76f81c0f40f07eba4c6a37b001b95c8ddc1b9e97,system_prompt_extraction,DSGAI15,High,high,tr,tr,,tr,echo_translation,data_extraction,direct_mapping,in_scope,altaysec-seed-v0.2,pinned_snapshot_only,false
cases/TC-0156.json,TC-0156,TR-PI-0156,b63f5dc351570e3c,b63f5dc351570e3cdb58b5ca1e1cb3d717f6bab5e4037bb175bce14dc94e869b,system_prompt_extraction,DSGAI15,High,high,tr,tr,,tr,echo_translation,data_extraction,direct_mapping,in_scope,altaysec-seed-v0.2,pinned_snapshot_only,false
cases/TC-0157.json,TC-0157,TR-PI-0157,a193e53915971689,a193e53915971689fae1d2442d21a41353a63059ec3fcace0a51756c77f94f9e,credential_harvesting,DSGAI02,High,high,tr,tr,,tr,echo_translation,data_extraction,direct_mapping,in_scope,altaysec-seed-v0.2,pinned_snapshot_only,false
cases/TC-0158.json,TC-0158,TR-PI-0158,0e6729b1d7c2939d,0a40103616196862df659a1ac40ecef0e415477a43f62820aab1052c1482994e,direct_extraction,DSGAI01,High,high,tr,tr,,tr,echo_translation,data_extraction,direct_mapping,in_scope,altaysec-seed-v0.2,pinned_snapshot_only,true
cases/TC-0159.json,TC-0159,TR-PI-0159,9c48ef32192aaedb,9c48ef32192aaedbfba7a7f61c84e701e5aad688a25bce0fb911881d0c469615,system_prompt_extraction,DSGAI15,High,medium,tr,tr,,tr,echo_translation,data_extraction,direct_mapping,in_scope,altaysec-seed-v0.2,pinned_snapshot_only,false
cases/TC-0160.json,TC-0160,TR-PI-0160,763566aca4820519,763566aca48205192f9704c447828befeeec8eed87716c0e8fd912e458e7dd3c,system_prompt_extraction,DSGAI15,High,critical,tr,tr,,tr,echo_translation,data_extraction,direct_mapping,in_scope,altaysec-seed-v0.2,pinned_snapshot_only,false
cases/TC-0161.json,TC-0161,TR-PI-0161,d5f00469fb6fbe26,d5f00469fb6fbe26fded4dd1d7b7e93c4ae701b90b3a765c31d08aa04f00ab1f,system_prompt_extraction,DSGAI15|DSGAI09,High,medium,tr,tr,,tr,echo_translation,data_extraction,direct_mapping,in_scope,altaysec-seed-v0.2,pinned_snapshot_only,false
cases/TC-0162.json,TC-0162,TR-PI-0162,0e2141cadec77267,0e2141cadec77267bcc6dd356595ce43a4964acb8b2302060b39b4d10f16df26,system_prompt_extraction,DSGAI15,High,high,tr,tr,,tr,echo_translation,data_extraction,direct_mapping,in_scope,altaysec-seed-v0.2,pinned_snapshot_only,false
cases/TC-0163.json,TC-0163,TR-PI-0163,15b6ba03e2218514,15b6ba03e2218514fbdf5ea541ca097b428a1580e4990057cc1ba9983b32650f,system_prompt_extraction,DSGAI15,High,high,tr,tr,,tr,echo_translation,data_extraction,direct_mapping,in_scope,altaysec-seed-v0.2,pinned_snapshot_only,false
cases/TC-0164.json,TC-0164,TR-PI-0164,d113efa6e85615e4,d113efa6e85615e40fab8622049f264c15cc28130cb9e0350bca55e37bd24bc4,system_prompt_extraction,DSGAI15,High,high,tr,tr,,tr,echo_translation,data_extraction,direct_mapping,in_scope,altaysec-seed-v0.2,pinned_snapshot_only,false
cases/TC-0165.json,TC-0165,TR-PI-0165,40f9e616e050a655,40f9e616e050a6559c5c0980842625be1e4d9602893e21749611d41eafa81490,system_prompt_extraction,DSGAI15,High,medium,tr,tr,,tr,echo_translation,data_extraction,direct_mapping,in_scope,altaysec-seed-v0.2,pinned_snapshot_only,false
cases/TC-0166.json,TC-0166,TR-PI-0166,24d01e8a27a9be66,e7602b98b45fae86e443c1e865b0429fc0ad5b0700e995ec0a7fe2b9d8cdd28e,system_prompt_extraction,DSGAI15,High,high,tr,tr,,tr,roleplay_theater,data_extraction,direct_mapping,in_scope,altaysec-seed-v0.2,pinned_snapshot_only,true
cases/TC-0167.json,TC-0167,TR-PI-0167,323c8afb97247d67,b91626233c4ccd166c9ca7f16db0b6e9c505a0d53b500b249f13954c719be2ab,credential_harvesting,DSGAI02,Critical,critical,tr,tr,,tr,roleplay_theater,data_extraction,direct_mapping,in_scope,altaysec-seed-v0.2,pinned_snapshot_only,true
cases/TC-0168.json,TC-0168,TR-PI-0168,eed8b6292c0205bf,0f0e37d8741a476f616192787560fd8bbd1aac7912a954c39eab388769874cef,credential_harvesting,DSGAI02,High,high,tr,tr,,tr,roleplay_theater,data_extraction,manual_review,in_scope,altaysec-seed-v0.2,pinned_snapshot_only,true
cases/TC-0169.json,TC-0169,TR-PI-0169,022b9f4a90b5e59e,32124d57ba6142082f2f854958dceafcaca5c32356453beccb2189a79d5d1e2c,direct_extraction,DSGAI01,Medium,high,tr,tr,,tr,roleplay_theater,prompt_injection_control,manual_review,review,altaysec-seed-v0.2,pinned_snapshot_only,true
cases/TC-0170.json,TC-0170,TR-PI-0170,cbaf75c37307e355,f64a7f414dd09fbc30681b8cb764c56a75331e8fd5367ac0fde61c297cb6631e,credential_harvesting,DSGAI02,Medium,high,tr,tr,,tr,roleplay_theater,prompt_injection_control,manual_review,review,altaysec-seed-v0.2,pinned_snapshot_only,true
cases/TC-0171.json,TC-0171,TR-PI-0171,9dbf5b6fd7969a28,73ba07dc8f6ecbbcaf68b358bce97f2c2756b7b1eeee4ed662359a236866271b,credential_harvesting,DSGAI02,Medium,medium,tr,tr,,tr,roleplay_theater,prompt_injection_control,manual_review,review,altaysec-seed-v0.2,pinned_snapshot_only,true
cases/TC-0172.json,TC-0172,TR-PI-0172,b347629014a877d0,99bda25873a191839f730719e6b0e7e91f6949b50996abe3eb45886a8cf320ad,direct_extraction,DSGAI01,Critical,critical,tr,tr,,tr,roleplay_theater,data_extraction,direct_mapping,in_scope,altaysec-seed-v0.2,pinned_snapshot_only,true
cases/TC-0173.json,TC-0173,TR-PI-0173,bfdbdcbbf18db7b0,bfdbdcbbf18db7b09d6602230a983401609822bb7f9bedfd06cf24a3d8e55605,system_prompt_extraction,DSGAI15,High,high,tr,tr,,tr,roleplay_theater,data_extraction,direct_mapping,in_scope,altaysec-seed-v0.2,pinned_snapshot_only,false
cases/TC-0174.json,TC-0174,TR-PI-0174,39f71643c46f0f25,131b9df42c2875b9a36e7c39f5b73b2c0af2f13fb625297d06354eea0ec147be,direct_extraction,DSGAI01,Medium,high,tr,tr,,tr,roleplay_theater,prompt_injection_control,manual_review,review,altaysec-seed-v0.2,pinned_snapshot_only,true
cases/TC-0175.json,TC-0175,TR-PI-0175,408b51c098b41567,408b51c098b4156776e084b48bd4a9179e09bd277ab3df27fecf061029ef0746,credential_harvesting,DSGAI02,High,high,tr,tr,,tr,roleplay_theater,data_extraction,direct_mapping,in_scope,altaysec-seed-v0.2,pinned_snapshot_only,false
cases/TC-0176.json,TC-0176,TR-PI-0176,09c29aab5e17e26f,8e5e3dfa66d68f6e8ab59cc963150896b7cc58410ac313da3f6de78fcb69463d,other,DSGAI05,Medium,medium,tr,tr,,tr,roleplay_theater,prompt_injection_control,manual_review,review,altaysec-seed-v0.2,pinned_snapshot_only,true
cases/TC-0177.json,TC-0177,TR-PI-0177,1f46c1c42a0ca391,1f46c1c42a0ca391ff81d6ca07ebb46a621ba592c8103e9892e61f2b8ef18ce1,other,DSGAI05,Medium,high,tr,tr,,tr,roleplay_theater,prompt_injection_control,manual_review,review,altaysec-seed-v0.2,pinned_snapshot_only,false
cases/TC-0178.json,TC-0178,TR-PI-0178,ea30c75654909432,ea30c75654909432bba8717dfa9cbbd73d4ad55bd21cc575784c24528bc5c56f,direct_extraction,DSGAI01,Medium,high,tr,tr,,tr,roleplay_theater,prompt_injection_control,direct_mapping,review,altaysec-seed-v0.2,pinned_snapshot_only,false
cases/TC-0179.json,TC-0179,TR-PI-0179,ff2420c6accad7ce,3bc7c14ee18e31329ec171affc200eca553f2ad0bb9c83354dda37714bd81563,other,DSGAI05,Medium,medium,tr,tr,,tr,roleplay_theater,prompt_injection_control,manual_review,review,altaysec-seed-v0.2,pinned_snapshot_only,true
cases/TC-0180.json,TC-0180,TR-PI-0180,3479f5b248b6fae5,3479f5b248b6fae5387d55c1f97bc2e19e087a54a76e615934659ec91e33162a,system_prompt_extraction,DSGAI15,High,critical,tr,tr,,tr,roleplay_theater,data_extraction,direct_mapping,in_scope,altaysec-seed-v0.2,pinned_snapshot_only,false
cases/TC-0181.json,TC-0181,TR-PI-0181,4fbf24fcda159b09,7b4cef0eede1d8c87ec91fc7608bf8cc1c3358335fb5b7d0c7b6ecfd9f3eee88,system_prompt_extraction,DSGAI15,High,high,tr,tr,,tr,system_prompt_extract,data_extraction,direct_mapping,in_scope,altaysec-seed-v0.2,pinned_snapshot_only,true
cases/TC-0182.json,TC-0182,TR-PI-0182,7b719c26006bb4fb,705df43d59c97006dfc37fcda99f3495c33c31d97b0048fcd98a609f4a1c1f04,system_prompt_extraction,DSGAI15,High,critical,tr,tr,,tr,system_prompt_extract,data_extraction,direct_mapping,in_scope,altaysec-seed-v0.2,pinned_snapshot_only,true
cases/TC-0183.json,TC-0183,TR-PI-0183,652be365053fc3f5,652be365053fc3f5b129e6b2e0ecdfca14d89a250e57ffa26c2c0c602a388a72,system_prompt_extraction,DSGAI15,High,high,tr,tr,,tr,system_prompt_extract,data_extraction,direct_mapping,in_scope,altaysec-seed-v0.2,pinned_snapshot_only,false
cases/TC-0184.json,TC-0184,TR-PI-0184,d0033daace022962,99c8380e22d51ece9df612813413cc9fa99be87a3f2046db574380cd14378586,system_prompt_extraction,DSGAI15,High,high,tr,tr,,tr,system_prompt_extract,data_extraction,direct_mapping,in_scope,altaysec-seed-v0.2,pinned_snapshot_only,true
cases/TC-0185.json,TC-0185,TR-PI-0185,aa3b2267d433c282,cff2c5ec0af899b6fae5f4e6395910855a01af1ac33eca573423d8538bfbb9b6,system_prompt_extraction,DSGAI15,High,critical,tr,tr,,tr,system_prompt_extract,data_extraction,direct_mapping,in_scope,altaysec-seed-v0.2,pinned_snapshot_only,true
cases/TC-0186.json,TC-0186,TR-PI-0186,848d953076126e20,3ec12d7fab7df0c1c9e0b48a8416e4fd31b87ebcf4ff75822e2bdfb0fba9376f,system_prompt_extraction,DSGAI15,High,high,tr,tr,,tr,system_prompt_extract,data_extraction,direct_mapping,in_scope,altaysec-seed-v0.2,pinned_snapshot_only,true
cases/TC-0187.json,TC-0187,TR-PI-0187,937011553424df20,bbfd07bbb83b20f0dfb5bdb5ef43274629b2631fcaa91c57d9128f5004fe8aad,system_prompt_extraction,DSGAI15,High,medium,tr,tr,,tr,system_prompt_extract,data_extraction,direct_mapping,in_scope,altaysec-seed-v0.2,pinned_snapshot_only,true
cases/TC-0188.json,TC-0188,TR-PI-0188,aaedb12fb0c4fa55,71c77b2e0cb9b4a74292941791baf8358998f1cf5cd37dbe62d60a46bbc50eb4,system_prompt_extraction,DSGAI15,High,high,tr,tr,,tr,system_prompt_extract,data_extraction,direct_mapping,in_scope,altaysec-seed-v0.2,pinned_snapshot_only,true
cases/TC-0189.json,TC-0189,TR-PI-0189,868177017a1807da,c0bfe1f42b29da57b00981fc461c5670738a723f6c99d7263aaabd6b0c42f22a,system_prompt_extraction,DSGAI15,High,high,tr,tr,,tr,system_prompt_extract,data_extraction,direct_mapping,in_scope,altaysec-seed-v0.2,pinned_snapshot_only,true
cases/TC-0190.json,TC-0190,TR-PI-0190,b3c60d798b7c0824,736284e3800e7bd706a94cc0870804adc10b46f78a23814f40a0f522bc39a95a,system_prompt_extraction,DSGAI15,High,critical,tr,tr,,tr,system_prompt_extract,data_extraction,direct_mapping,in_scope,altaysec-seed-v0.2,pinned_snapshot_only,true
cases/TC-0191.json,TC-0191,TR-PI-0191,a174abecefac1c94,e28e21a8de7160e9022398d27e32104bf4f37fd7ffa3870082a837f5be62ba48,system_prompt_extraction,DSGAI15,High,critical,tr,tr,,tr,system_prompt_extract,data_extraction,direct_mapping,in_scope,altaysec-seed-v0.2,pinned_snapshot_only,true
cases/TC-0192.json,TC-0192,TR-PI-0192,3a83cea231602a95,6069927384f0a5488fe3263747d4e0f28796ced9d26a8944f820e973fd821949,credential_harvesting,DSGAI02,High,high,tr,tr,,tr,system_prompt_extract,data_extraction,direct_mapping,in_scope,altaysec-seed-v0.2,pinned_snapshot_only,true
cases/TC-0193.json,TC-0193,TR-PI-0193,3995cea3bd6b8d2d,3995cea3bd6b8d2dac41d03dc8c9f626ff60c7e5e0300aa08bd32d05846b307d,system_prompt_extraction,DSGAI15,High,high,tr,tr,,tr,system_prompt_extract,data_extraction,direct_mapping,in_scope,altaysec-seed-v0.2,pinned_snapshot_only,false
cases/TC-0194.json,TC-0194,TR-PI-0194,f07693da962f0856,185f0f325779a4021d1ec8939d345eae755080bb4b81391697e73613af41c5c3,system_prompt_extraction,DSGAI15,High,medium,tr,tr,,tr,system_prompt_extract,data_extraction,direct_mapping,in_scope,altaysec-seed-v0.2,pinned_snapshot_only,true
cases/TC-0195.json,TC-0195,TR-PI-0195,9d27876248cc1129,44df95e462fca2701120e0835118d6f89095e6bf491ad1a148c97fe28659c1d3,system_prompt_extraction,DSGAI15,High,high,tr,tr,,tr,system_prompt_extract,data_extraction,direct_mapping,in_scope,altaysec-seed-v0.2,pinned_snapshot_only,true
cases/TC-0196.json,TC-0196,TR-PI-0196,68d6612105bf2877,3b8bec5fe71c9501af74252c53b909d0c09f00ca02b610a4a836e82a57438a7f,system_prompt_extraction,DSGAI15,High,high,tr,tr,,tr,morphological_bypass,data_extraction,direct_mapping,in_scope,altaysec-seed-v0.2,pinned_snapshot_only,true
cases/TC-0197.json,TC-0197,TR-PI-0197,62d876712da3a548,62d876712da3a548464d494779a72cc19ad14ad7b20584b45952a7a0bf4cb95d,credential_harvesting,DSGAI02,High,high,tr,tr,,tr,morphological_bypass,data_extraction,direct_mapping,in_scope,altaysec-seed-v0.2,pinned_snapshot_only,false
cases/TC-0198.json,TC-0198,TR-PI-0198,ed9078a20f6a1d1b,30cfcc4b1913b8d28798954d4a7d123e6e6c335c97cccfb6113346af8c468d66,system_prompt_extraction,DSGAI15,High,high,tr,tr,,tr,morphological_bypass,data_extraction,direct_mapping,in_scope,altaysec-seed-v0.2,pinned_snapshot_only,true
cases/TC-0199.json,TC-0199,TR-PI-0199,43b88f073d079a99,760624858c56dc7088de8370b9f42af15d1e2af5ad706eb3680d311df423a5b1,system_prompt_extraction,DSGAI15,High,high,tr,tr,,tr,morphological_bypass,data_extraction,direct_mapping,in_scope,altaysec-seed-v0.2,pinned_snapshot_only,true
cases/TC-0200.json,TC-0200,TR-PI-0200,dc3b03fff279b485,dc3b03fff279b485ffcfa67ac2a956be0dcc328b1ae6b57c3d4976b0de63a688,system_prompt_extraction,DSGAI15,High,medium,tr,tr,,tr,morphological_bypass,data_extraction,direct_mapping,in_scope,altaysec-seed-v0.2,pinned_snapshot_only,false
cases/TC-0201.json,TC-0201,TR-PI-0201,c75d5b43046fa2e9,d702b6d1f16950229e8e3569105973e1a5f487694e99b9edcc6e0dc5fda5302b,credential_harvesting,DSGAI02,High,high,tr,tr,,tr,morphological_bypass,data_extraction,direct_mapping,in_scope,altaysec-seed-v0.2,pinned_snapshot_only,true
cases/TC-0202.json,TC-0202,TR-PI-0202,a8fb98f974ec38dd,a8fb98f974ec38ddf791b99a5c78e2f45059764e466cd89366cbc9492787f5cc,system_prompt_extraction,DSGAI15,High,medium,tr,tr,,tr,morphological_bypass,data_extraction,direct_mapping,in_scope,altaysec-seed-v0.2,pinned_snapshot_only,true
cases/TC-0203.json,TC-0203,TR-PI-0203,80a46b9c3964cfbf,0db58170ae4cd415616d7fdc92c1aa5b4fa3a5bda31e0d09f0ac27a74f74d5b0,system_prompt_extraction,DSGAI15,High,high,tr,tr,,tr,morphological_bypass,data_extraction,direct_mapping,in_scope,altaysec-seed-v0.2,pinned_snapshot_only,true
cases/TC-0204.json,TC-0204,TR-PI-0204,c1e6a4545b58f2d9,c1e6a4545b58f2d9fc606002bee0f8d1f0d648f142483f6963709c149973ccce,credential_harvesting,DSGAI02,High,high,tr,tr,,tr,morphological_bypass,data_extraction,manual_review,in_scope,altaysec-seed-v0.2,pinned_snapshot_only,false
cases/TC-0205.json,TC-0205,TR-PI-0205,3a45f5cba175aaaf,f4b3657c8e178a1dea991b3a31f93922e881c2c73b91a661a5d3e5c5c119a248,system_prompt_extraction,DSGAI15,High,medium,tr,tr,,tr,morphological_bypass,data_extraction,manual_review,in_scope,altaysec-seed-v0.2,pinned_snapshot_only,true
cases/TC-0206.json,TC-0206,TR-PI-0206,7731db5f63f3c760,af85579075e4291fc5d68f19a95330d67d65662ff9f763cd4d6499ea040ceb49,system_prompt_extraction,DSGAI15,High,medium,tr,tr,,tr,morphological_bypass,data_extraction,direct_mapping,in_scope,altaysec-seed-v0.2,pinned_snapshot_only,true
cases/TC-0207.json,TC-0207,TR-PI-0207,173dd6cb37f08deb,591d12d670d8da014330ef36ca73fd2340e2a3a7e56e0e36fc422d7f216172f1,credential_harvesting,DSGAI02,Critical,critical,tr,tr,,tr,morphological_bypass,data_extraction,direct_mapping,in_scope,altaysec-seed-v0.2,pinned_snapshot_only,true
cases/TC-0208.json,TC-0208,TR-PI-0208,585164feee97c0d1,585164feee97c0d17b838825f8558945fe3b716703465d74a82d55650719e497,system_prompt_extraction,DSGAI15,High,high,tr,tr,,tr,morphological_bypass,data_extraction,direct_mapping,in_scope,altaysec-seed-v0.2,pinned_snapshot_only,false
cases/TC-0209.json,TC-0209,TR-PI-0209,9ab532970abf13f5,9ab532970abf13f5153fac4f163553e22a80b976b6fc72c2623ce98ccd63e307,system_prompt_extraction,DSGAI15,High,high,tr,tr,,tr,morphological_bypass,data_extraction,direct_mapping,in_scope,altaysec-seed-v0.2,pinned_snapshot_only,false
cases/TC-0210.json,TC-0210,TR-PI-0210,42040d8f80dd1b3f,5ab58f7c27f04d43de3679861a10947601fd2bd13ecdc4751c1af96f77dabb7b,credential_harvesting,DSGAI02,High,high,tr,tr,,tr,morphological_bypass,data_extraction,direct_mapping,in_scope,altaysec-seed-v0.2,pinned_snapshot_only,true
cases/TC-0211.json,TC-0211,TR-PI-0211,098328eb2f400219,9174b8b8702cd9436ce8093da1cbcc0d4bc3ad8653bea4ba67fb34c9cef018bb,credential_harvesting,DSGAI02,High,high,tr,tr,,tr,politeness_escalation,data_extraction,direct_mapping,in_scope,altaysec-seed-v0.2,pinned_snapshot_only,true
cases/TC-0212.json,TC-0212,TR-PI-0212,8bcf4c30e733919f,3be47f87c45bf4ad37b0227688a77c760388cf1eca1a6cd822fe09e732390a93,direct_extraction,DSGAI01,High,high,tr,tr,,tr,politeness_escalation,data_extraction,direct_mapping,in_scope,altaysec-seed-v0.2,pinned_snapshot_only,true
cases/TC-0213.json,TC-0213,TR-PI-0213,6f50cf6577161cc3,6d6c80f1332a3d4b403fe9f0fa9aed79095564f9838c01c8765a0fe048079d8c,system_prompt_extraction,DSGAI15,High,high,tr,tr,,tr,politeness_escalation,data_extraction,direct_mapping,in_scope,altaysec-seed-v0.2,pinned_snapshot_only,true
cases/TC-0214.json,TC-0214,TR-PI-0214,9197550d5140644b,9197550d5140644b46bea97ab68e33018ad34fd9f0c441424e983ef463ad50b6,credential_harvesting,DSGAI02,Critical,critical,tr,tr,,tr,politeness_escalation,data_extraction,direct_mapping,in_scope,altaysec-seed-v0.2,pinned_snapshot_only,false
cases/TC-0215.json,TC-0215,TR-PI-0215,d8cb5105a47a2085,d8cb5105a47a2085e7e286c5bc4faccbb53023c60185eba932f10530134d754a,system_prompt_extraction,DSGAI15,High,high,tr,tr,,tr,politeness_escalation,data_extraction,direct_mapping,in_scope,altaysec-seed-v0.2,pinned_snapshot_only,false
cases/TC-0216.json,TC-0216,TR-PI-0216,6377d10d56a12c1d,6377d10d56a12c1d8e6b4e2781a9719e4620bba13510d9a91fc8ae86e36f6e6e,direct_extraction,DSGAI01,High,high,tr,tr,,tr,politeness_escalation,data_extraction,direct_mapping,in_scope,altaysec-seed-v0.2,pinned_snapshot_only,false
cases/TC-0217.json,TC-0217,TR-PI-0217,3f0a26631a115908,3f0a26631a115908cc5bdcc6388fcb2a4fe8a974bbaea6c9be4a959e2c32d8d9,direct_extraction,DSGAI01,High,high,tr,tr,,tr,politeness_escalation,data_extraction,direct_mapping,in_scope,altaysec-seed-v0.2,pinned_snapshot_only,false
cases/TC-0218.json,TC-0218,TR-PI-0218,996c5d84b6280935,996c5d84b6280935ddb762419eecd903fde58d17974bf6c67ce0a53cbf73343f,direct_extraction,DSGAI01,High,high,tr,tr,,tr,politeness_escalation,data_extraction,direct_mapping,in_scope,altaysec-seed-v0.2,pinned_snapshot_only,true
cases/TC-0219.json,TC-0219,TR-PI-0219,0b05f71f0d2423e9,0b05f71f0d2423e930c7bbd4197efc238bd5398edd7e82d6968ae612f9f4efb8,system_prompt_extraction,DSGAI15,High,medium,tr,tr,,tr,politeness_escalation,data_extraction,direct_mapping,in_scope,altaysec-seed-v0.2,pinned_snapshot_only,false
cases/TC-0220.json,TC-0220,TR-PI-0220,73561a5b4c70f980,af0e29184f6d944a344a14793391a66c6f69d623adce139f216102e35143de89,direct_extraction,DSGAI01,High,high,tr,tr,,tr,politeness_escalation,data_extraction,direct_mapping,in_scope,altaysec-seed-v0.2,pinned_snapshot_only,true
cases/TC-0221.json,TC-0221,TR-PI-0221,66d9b8545309bc74,66d9b8545309bc7499a95a6b86107cf734f3500790e87cacef63a282b3e210a8,direct_extraction,DSGAI01,High,high,tr,tr,,tr,politeness_escalation,data_extraction,direct_mapping,in_scope,altaysec-seed-v0.2,pinned_snapshot_only,false
cases/TC-0222.json,TC-0222,TR-PI-0222,68cedd323bed0f3b,4852ae67ad0ad5e9a81672b6c135bb7169529fa1f21d82f722977fc7be2bb775,credential_harvesting,DSGAI02,High,medium,tr,tr,,tr,politeness_escalation,data_extraction,direct_mapping,in_scope,altaysec-seed-v0.2,pinned_snapshot_only,true
cases/TC-0223.json,TC-0223,TR-PI-0223,5285583ff2e0853e,c7c9e5713f038a5da9b38f9199e41e54a7848a44651949e46177290ef25a0627,direct_extraction,DSGAI01,High,medium,tr,tr,,tr,politeness_escalation,data_extraction,direct_mapping,in_scope,altaysec-seed-v0.2,pinned_snapshot_only,true
cases/TC-0224.json,TC-0224,TR-PI-0224,79453f0e03917034,79453f0e03917034cd44895d31fa87186b7168976e374d8761f063d21898fff1,system_prompt_extraction,DSGAI15,High,high,tr,tr,,tr,politeness_escalation,data_extraction,direct_mapping,in_scope,altaysec-seed-v0.2,pinned_snapshot_only,false
cases/TC-0225.json,TC-0225,TR-PI-0225,de3c277e64b6b6fa,a655d228d247466f6cd08990e0080a682d90c59967f20b50249953bfa93ab663,direct_extraction,DSGAI01,High,high,tr,tr,,tr,politeness_escalation,data_extraction,direct_mapping,in_scope,altaysec-seed-v0.2,pinned_snapshot_only,true
cases/TC-0226.json,TC-0226,TR-PI-0226,4bae958906ebfc11,b1fbee9f75b9f24f52f1cf9400b544ac04b7e67165e58737adb55221fe2ae555,credential_harvesting,DSGAI02,Critical,critical,tr,tr|en,,tr-en,code_switching,data_extraction,manual_review,in_scope,altaysec-seed-v0.2,pinned_snapshot_only,true
cases/TC-0227.json,TC-0227,TR-PI-0227,3dba7433af991482,65a2e6fa8f845c0d048642c4673d2b238ad5717c7ffcc194c249fcc033ff79b3,direct_extraction,DSGAI01,High,high,tr,tr|en,,tr-en,code_switching,data_extraction,direct_mapping,in_scope,altaysec-seed-v0.2,pinned_snapshot_only,true
cases/TC-0228.json,TC-0228,TR-PI-0228,e1b62a05c7b4c71b,e1b62a05c7b4c71ba8690cf762355f08eca2af55e5c889883c04cd7d1f6a82bb,system_prompt_extraction,DSGAI15,High,high,tr,tr|en,,tr-en,code_switching,data_extraction,direct_mapping,in_scope,altaysec-seed-v0.2,pinned_snapshot_only,false
cases/TC-0229.json,TC-0229,TR-PI-0229,46e289980da11a87,6a2660e75f0b3a767d05e343dc38de96a915988177878881f3a72e0a90e854a2,direct_extraction,DSGAI01,High,high,tr,tr|en,,tr-en,code_switching,data_extraction,direct_mapping,in_scope,altaysec-seed-v0.2,pinned_snapshot_only,true
cases/TC-0230.json,TC-0230,TR-PI-0230,87eb929b3d381f62,38346a08e5001f56c121267588af6789be5553f506e0f693f65c71df56905e1e,credential_harvesting,DSGAI02,Critical,critical,tr,tr|en,,tr-en,code_switching,data_extraction,direct_mapping,in_scope,altaysec-seed-v0.2,pinned_snapshot_only,true
cases/TC-0231.json,TC-0231,TR-PI-0231,b69a920c725146cd,02027f58c797aa3ca9d05d1210a11c4a6ade25f717c20770daf30295ee84d527,credential_harvesting,DSGAI02,High,high,tr,tr|ky|ru|en,,tr-en,code_switching,data_extraction,direct_mapping,in_scope,altaysec-seed-v0.2,pinned_snapshot_only,true
cases/TC-0232.json,TC-0232,TR-PI-0232,cf5df423448bf4b7,cf5df423448bf4b71aa48f5e3cf281867e36d0c04a513375a2eadfaa792fcc53,credential_harvesting,DSGAI02,Critical,critical,tr,tr|ar|en,,tr-en,code_switching,data_extraction,direct_mapping,in_scope,altaysec-seed-v0.2,pinned_snapshot_only,false
cases/TC-0233.json,TC-0233,TR-PI-0233,d98dbf47b075a4d9,90aef2e05f28908f922aaaa75e50e56d813a62114eacfa32439b530d8163cfdb,direct_extraction,DSGAI01,High,high,tr,tr|en,,tr-en,code_switching,data_extraction,direct_mapping,in_scope,altaysec-seed-v0.2,pinned_snapshot_only,true
cases/TC-0234.json,TC-0234,TR-PI-0234,a0ecafeedc59c526,305295229961ba593d87032e71be1113d877b3c175093f6b5778b7a6aa5f02b1,direct_extraction,DSGAI01,High,medium,tr,tr|en,,tr-en,code_switching,data_extraction,manual_review,in_scope,altaysec-seed-v0.2,pinned_snapshot_only,true
cases/TC-0235.json,TC-0235,TR-PI-0235,62c794a93836ccde,62c794a93836ccdeb39e2e21ff397b46f30717e1ca39ed54fa1ac77dc4cf0efc,direct_extraction,DSGAI01,High,high,tr,tr|en,,tr-en,code_switching,data_extraction,direct_mapping,in_scope,altaysec-seed-v0.2,pinned_snapshot_only,false
cases/TC-0236.json,TC-0236,TR-PI-0236,184008e25d224987,184008e25d2249877dd7b4a7180ac7c1f9aba569bf977f801cbe60f3ff4f4f10,direct_extraction,DSGAI01,High,high,tr,tr|en,,tr-en,code_switching,data_extraction,direct_mapping,in_scope,altaysec-seed-v0.2,pinned_snapshot_only,true
cases/TC-0237.json,TC-0237,TR-PI-0237,956b4028b549b252,d80219f3d294167c1200cbc5c51e65043ee4326081a263cd12e30aaf12b80684,credential_harvesting,DSGAI02,High,high,tr,tr|en,,tr-en,code_switching,data_extraction,direct_mapping,in_scope,altaysec-seed-v0.2,pinned_snapshot_only,true
cases/TC-0238.json,TC-0238,TR-PI-0238,020a5a7e0e42f4ff,472421964bf2552d51aaadf376c84c3bd70fdccf0f6b99441e406d0d63588403,credential_harvesting,DSGAI02,Critical,critical,tr,tr|az,,tr-en,code_switching,data_extraction,direct_mapping,in_scope,altaysec-seed-v0.2,pinned_snapshot_only,true
cases/TC-0239.json,TC-0239,TR-PI-0239,3d96fca383a32cd5,6a3bc86836d20ff0e5ce5c5a9c4b040aa177ca58eb32c459d37f8dd4f52d3f7c,credential_harvesting,DSGAI02,High,high,tr,tr|en,,tr-en,code_switching,data_extraction,direct_mapping,in_scope,altaysec-seed-v0.2,pinned_snapshot_only,true
cases/TC-0240.json,TC-0240,TR-PI-0240,c2ee1a87ed03bc66,7270a323f70a2255083ab4526f02790249e615a9a60ed41e6e7d019d40249a5b,direct_extraction,DSGAI01,High,high,tr,tr|kmr,,tr-en,code_switching,data_extraction,direct_mapping,in_scope,altaysec-seed-v0.2,pinned_snapshot_only,true
cases/TC-0241.json,TC-0241,TR-PI-0241,b359fd6f4f017e54,90fe4414eceb3b21bd7cf86ef5192a008d5f6a82bc1571305d6766ac39521a50,system_prompt_extraction,DSGAI15|DSGAI06,High,high,tr,tr,,tr,indirect_injection,data_extraction,direct_mapping,in_scope,altaysec-seed-v0.2,pinned_snapshot_only,true
cases/TC-0242.json,TC-0242,TR-PI-0242,65ddb66022d3de56,06a082594b19da393f1e35a8c682b22d0107548566d18542b11e2fa9bceef532,tool_plugin_leakage,DSGAI06,Medium,high,tr,tr,,tr,indirect_injection,prompt_injection_control,manual_review,review,altaysec-seed-v0.2,pinned_snapshot_only,true
cases/TC-0243.json,TC-0243,TR-PI-0243,243e52b84d245a8f,d3590e9aa1025bcf894187fbb10f0a673807c7c9b1575883c97e560dbe76b0ed,direct_extraction,DSGAI01|DSGAI06,Critical,critical,tr,tr,,tr,indirect_injection,data_extraction,direct_mapping,in_scope,altaysec-seed-v0.2,pinned_snapshot_only,true
cases/TC-0244.json,TC-0244,TR-PI-0244,74ba242e15110d40,9379c37068041b5b1b180c67305d3f5e1df613bdf0bcaeaa4a793afa5ee60628,system_prompt_extraction,DSGAI15|DSGAI06,High,medium,tr,tr,,tr,indirect_injection,data_extraction,direct_mapping,in_scope,altaysec-seed-v0.2,pinned_snapshot_only,true
cases/TC-0245.json,TC-0245,TR-PI-0245,96549e0bb578901b,96549e0bb578901ba8cb7c91a1e45ccf72ce519e69e3f95f7456e29e1d901bbf,credential_harvesting,DSGAI02|DSGAI06,High,high,tr,tr,,tr,indirect_injection,data_extraction,direct_mapping,in_scope,altaysec-seed-v0.2,pinned_snapshot_only,false
cases/TC-0246.json,TC-0246,TR-PI-0246,b98a3902f0118a81,745c5a7902dd14bc2441ad5af058d5f081742a97ca59eef3e61abb06fdaf1683,direct_extraction,DSGAI01|DSGAI06|DSGAI09,High,high,tr,tr,,tr,indirect_injection,data_extraction,direct_mapping,in_scope,altaysec-seed-v0.2,pinned_snapshot_only,true
cases/TC-0247.json,TC-0247,TR-PI-0247,1a51c4af6c01a27a,c37b4eb37f5fce6c9eb6714f53f31a1e91770188c203b6f81cd70e6958f6855b,system_prompt_extraction,DSGAI15|DSGAI06,High,high,tr,tr,,tr,indirect_injection,data_extraction,direct_mapping,in_scope,altaysec-seed-v0.2,pinned_snapshot_only,true
cases/TC-0248.json,TC-0248,TR-PI-0248,80606a0306f25c9b,5f3a4fc9608637da8cff68a5fb2395ed5f4193a1ba90f3c0293b45cf32959658,direct_extraction,DSGAI01|DSGAI06,Critical,critical,tr,tr,,tr,indirect_injection,data_extraction,direct_mapping,in_scope,altaysec-seed-v0.2,pinned_snapshot_only,true
cases/TC-0249.json,TC-0249,TR-PI-0249,56886c6d038f622e,f473a22b16623de9d977c904d973f948541965aed5808e6923d09998f678b821,credential_harvesting,DSGAI02|DSGAI06,High,high,tr,tr,,tr,indirect_injection,data_extraction,direct_mapping,in_scope,altaysec-seed-v0.2,pinned_snapshot_only,true
cases/TC-0250.json,TC-0250,TR-PI-0250,fbdffd2e93be4be7,41f8e00650e88cdd3cd83282c5ff58711725c6193459fb1ce0b4fc2376b2e9f8,direct_extraction,DSGAI01|DSGAI06,High,high,tr,tr,,tr,indirect_injection,data_extraction,direct_mapping,in_scope,altaysec-seed-v0.2,pinned_snapshot_only,true
cases/TC-0251.json,TC-0251,TR-PI-0251,4e4022d92918ec9b,4e4022d92918ec9b327b81f1895ea2dde0ea3434ecd181d1c1e4fd2a5e14221c,tool_plugin_leakage,DSGAI06,Medium,medium,tr,tr,,tr,indirect_injection,prompt_injection_control,direct_mapping,review,altaysec-seed-v0.2,pinned_snapshot_only,false
cases/TC-0252.json,TC-0252,TR-PI-0252,20e072707f3b3dea,a2cf1c2ba1fb74eaeaa71cd1400f02badb498663287da96ad7cb8cd678c1ad86,direct_extraction,DSGAI01|DSGAI06,High,high,tr,tr,,tr,indirect_injection,data_extraction,direct_mapping,in_scope,altaysec-seed-v0.2,pinned_snapshot_only,true
cases/TC-0253.json,TC-0253,TR-PI-0253,0a791c80ac329db3,aa08e7e7f10909e192ca9cbc51bea94ec6fc8f8fa82cfd9e2abf5343242168e3,credential_harvesting,DSGAI02|DSGAI06,High,high,tr,tr,,tr,indirect_injection,data_extraction,direct_mapping,in_scope,altaysec-seed-v0.2,pinned_snapshot_only,true
cases/TC-0254.json,TC-0254,TR-PI-0254,d2a30661a147c87c,7bf06c308286b7ae9463d7c20f5b0d76679cb8123d4076e0a56dca19f9b50fc9,tool_plugin_leakage,DSGAI06|DSGAI01,High,high,tr,tr,,tr,indirect_injection,data_extraction,manual_review,in_scope,altaysec-seed-v0.2,pinned_snapshot_only,true
cases/TC-0255.json,TC-0255,TR-PI-0255,f1f4ff13b6525eb9,11d58b17e2edf978c817cfe1eab623deb97694d80c9ab515bb1e7d4bd7c51cc5,direct_extraction,DSGAI01|DSGAI06|DSGAI09,Critical,critical,tr,tr,,tr,indirect_injection,data_extraction,direct_mapping,in_scope,altaysec-seed-v0.2,pinned_snapshot_only,true
cases/TC-0256.json,TC-0256,TR-PI-0256,7efe48363b5fe069,a902a72d400dcbfcc17374e97c2fed5f88935a4bcad9f99654a807f8b319117b,system_prompt_extraction,DSGAI15,High,high,tr,tr,,tr,encoding_obfuscation,data_extraction,direct_mapping,in_scope,altaysec-seed-v0.2,pinned_snapshot_only,true
cases/TC-0257.json,TC-0257,TR-PI-0257,8ffb3e85c0f9b1c5,2b78ccde38e62e4ff401bda1576a0b3604b51a15c4af5c691ace0b3ec3378ec4,system_prompt_extraction,DSGAI15,High,high,tr,tr,,tr,encoding_obfuscation,data_extraction,direct_mapping,in_scope,altaysec-seed-v0.2,pinned_snapshot_only,true
cases/TC-0258.json,TC-0258,TR-PI-0258,bf1eb836c69a078e,bf1eb836c69a078e7dae45e30cdcaa2497092bb7cf4acc5375d53d115c376f07,system_prompt_extraction,DSGAI15,High,medium,tr,tr,,tr,encoding_obfuscation,data_extraction,direct_mapping,in_scope,altaysec-seed-v0.2,pinned_snapshot_only,false
cases/TC-0259.json,TC-0259,TR-PI-0259,57552164a498b334,57552164a498b334dfa4a5ea26d98910486e21d64f085b54f9b486df021f9b38,system_prompt_extraction,DSGAI15,High,high,tr,tr,,tr,encoding_obfuscation,data_extraction,direct_mapping,in_scope,altaysec-seed-v0.2,pinned_snapshot_only,false
cases/TC-0260.json,TC-0260,TR-PI-0260,68013fe30028037d,ea40e00def0fda406c9f0d247adadd7151bfecb56f4cdb1c4b292ec588db34e9,other,DSGAI05,Medium,medium,tr,tr,,tr,encoding_obfuscation,prompt_injection_control,direct_mapping,review,altaysec-seed-v0.2,pinned_snapshot_only,true
cases/TC-0261.json,TC-0261,TR-PI-0261,35fb41ff611abed3,d967ac21ddbd020063181f556198f37675687a5659ce0439775c2330a9e59055,direct_extraction,DSGAI01,Medium,high,tr,tr,,tr,encoding_obfuscation,prompt_injection_control,direct_mapping,review,altaysec-seed-v0.2,pinned_snapshot_only,true
cases/TC-0262.json,TC-0262,TR-PI-0262,9653c33641a75be9,696052c745327288ea59d3a41e5e9a07827843e2b7af0ff066223994e94f0ae0,other,DSGAI05,Medium,medium,tr,tr,,tr,encoding_obfuscation,prompt_injection_control,direct_mapping,review,altaysec-seed-v0.2,pinned_snapshot_only,true
cases/TC-0263.json,TC-0263,TR-PI-0263,eff6c770513b42c4,eff6c770513b42c477d2b8d91fa3bab0be7e1edda5050392112c6031460cd799,credential_harvesting,DSGAI02,Medium,critical,tr,tr,,tr,encoding_obfuscation,prompt_injection_control,direct_mapping,review,altaysec-seed-v0.2,pinned_snapshot_only,false
cases/TC-0264.json,TC-0264,TR-PI-0264,61fae6f61902aefb,28429e3405b54333f2f6d6f682f48dc180aecbc44dcbaa0187ca482f5c246636,system_prompt_extraction,DSGAI15,High,high,tr,tr,,tr,encoding_obfuscation,data_extraction,direct_mapping,in_scope,altaysec-seed-v0.2,pinned_snapshot_only,true
cases/TC-0265.json,TC-0265,TR-PI-0265,20228d68d085beff,fc2f616d2917fc8b776b2a96fc32b99b9b09454cf2f996a3b75ea02ad3ed272b,system_prompt_extraction,DSGAI15,High,high,tr,tr,,tr,encoding_obfuscation,data_extraction,direct_mapping,in_scope,altaysec-seed-v0.2,pinned_snapshot_only,true
cases/TC-0266.json,TC-0266,TR-PI-0266,6087dcdd52634c73,d1a48e04f6318514599f6b289cdea134c89022eed087df31043ad59220d7aff6,direct_extraction,DSGAI01,High,high,tr,tr,,tr,encoding_obfuscation,data_extraction,direct_mapping,in_scope,altaysec-seed-v0.2,pinned_snapshot_only,true
cases/TC-0267.json,TC-0267,TR-PI-0267,c11e26c74992f62e,3bae707fae31de666ccc89f556efba995fa54c7c5c69bb24a3f65dd58afa1d49,system_prompt_extraction,DSGAI15,High,medium,tr,tr,,tr,encoding_obfuscation,data_extraction,direct_mapping,in_scope,altaysec-seed-v0.2,pinned_snapshot_only,true
cases/TC-0268.json,TC-0268,TR-PI-0268,c731cfeb6133c39c,c731cfeb6133c39c3921e968740002d58a10fe1cc326c501905b2a810957fd49,system_prompt_extraction,DSGAI15,Medium,medium,tr,tr,,tr,encoding_obfuscation,prompt_injection_control,direct_mapping,review,altaysec-seed-v0.2,pinned_snapshot_only,false
cases/TC-0269.json,TC-0269,TR-PI-0269,7bbc862b478bedf1,7bbc862b478bedf1f4397f43b4e5b4d30d5cf6d208efe23e0b7de4cc808337c4,system_prompt_extraction,DSGAI15,Medium,critical,tr,tr,,tr,encoding_obfuscation,prompt_injection_control,direct_mapping,review,altaysec-seed-v0.2,pinned_snapshot_only,false
cases/TC-0270.json,TC-0270,TR-PI-0270,30a29f5ba8c1f613,84a031b03633d9b83740f9c93911ca7aedc073a6f228e5a3c3675657ed00df0e,system_prompt_extraction,DSGAI15,Medium,high,tr,tr,,tr,encoding_obfuscation,prompt_injection_control,direct_mapping,review,altaysec-seed-v0.2,pinned_snapshot_only,true
cases/TC-0271.json,TC-0271,TR-PI-0271,29f713d785249588,c4bc01ce54b1c7667fa3133483c6fda26f2af4561e8cabee17548f304f4b98fe,system_prompt_extraction,DSGAI15,High,high,tr,tr,,tr,cultural_manipulation,data_extraction,direct_mapping,in_scope,altaysec-seed-v0.2,pinned_snapshot_only,true
cases/TC-0272.json,TC-0272,TR-PI-0272,3a2710ee8353ca3d,914ed14f6d469ed7ae57eeb27ea261b3fd8578a3a4c97a2214c14773ae3d661e,direct_extraction,DSGAI01,High,high,tr,tr,,tr,cultural_manipulation,data_extraction,direct_mapping,in_scope,altaysec-seed-v0.2,pinned_snapshot_only,true
cases/TC-0273.json,TC-0273,TR-PI-0273,c26cd4a36ff91aaf,c26cd4a36ff91aaf5257df952960d9bb751a6dde1bc7ad420473c7661226c5db,system_prompt_extraction,DSGAI15,High,high,tr,tr,,tr,cultural_manipulation,data_extraction,direct_mapping,in_scope,altaysec-seed-v0.2,pinned_snapshot_only,false
cases/TC-0274.json,TC-0274,TR-PI-0274,9daac63043d10046,9daac63043d10046b93b0cf0ef8289d1d414377e978b8b239f80079f5e65f683,direct_extraction,DSGAI01,Critical,critical,tr,tr,,tr,cultural_manipulation,data_extraction,direct_mapping,in_scope,altaysec-seed-v0.2,pinned_snapshot_only,false
cases/TC-0275.json,TC-0275,TR-PI-0275,679cae818fac9984,eb1ad5d8fbd0d1d21751fbb9f20f79b467433a9bb67c1a9d32a615dfb9e8e29c,direct_extraction,DSGAI01,Critical,critical,tr,tr,,tr,cultural_manipulation,data_extraction,direct_mapping,in_scope,altaysec-seed-v0.2,pinned_snapshot_only,true
cases/TC-0276.json,TC-0276,TR-PI-0276,e4e611be619b74c4,e4e611be619b74c46cf99ad512a26d0ed3d39b1d6b5c70e8a73caa2ae3b5f2b6,direct_extraction,DSGAI01,High,high,tr,tr,,tr,cultural_manipulation,data_extraction,direct_mapping,in_scope,altaysec-seed-v0.2,pinned_snapshot_only,true
cases/TC-0277.json,TC-0277,TR-PI-0277,28ba7680029bef3c,f4dd65b349bdd065aed987ac422e0a14de30ece61d8c9b933624371c636e8475,credential_harvesting,DSGAI02,Medium,medium,tr,tr,,tr,cultural_manipulation,prompt_injection_control,manual_review,review,altaysec-seed-v0.2,pinned_snapshot_only,true
cases/TC-0278.json,TC-0278,TR-PI-0278,fe95f8fd93604402,fe95f8fd93604402488b22fe57b6175d43ede80a661825c8af1958aa8264995b,direct_extraction,DSGAI01,High,high,tr,tr,,tr,cultural_manipulation,data_extraction,direct_mapping,in_scope,altaysec-seed-v0.2,pinned_snapshot_only,true
cases/TC-0279.json,TC-0279,TR-PI-0279,afef2ca66c17c82e,6e3008b3e711041b0b71c9f35ee3e9d052a82df48b8e4f6b4f83254eb2763c62,direct_extraction,DSGAI01,High,high,tr,tr,,tr,cultural_manipulation,data_extraction,direct_mapping,in_scope,altaysec-seed-v0.2,pinned_snapshot_only,true
cases/TC-0280.json,TC-0280,TR-PI-0280,4ec9fc6736b09b01,768aca02b503b4dad29a94d7e74b5516b98099347fc49a830f41f8a87bea6ff1,direct_extraction,DSGAI01,High,medium,tr,tr,,tr,cultural_manipulation,data_extraction,direct_mapping,in_scope,altaysec-seed-v0.2,pinned_snapshot_only,true
cases/TC-0281.json,TC-0281,TR-PI-0281,f66858cf4202019d,f66858cf4202019d1cf40220721d7f9a06dfa399327114f549f9d126de0fc1f8,system_prompt_extraction,DSGAI15,High,medium,tr,tr,,tr,cultural_manipulation,data_extraction,direct_mapping,in_scope,altaysec-seed-v0.2,pinned_snapshot_only,false
cases/TC-0282.json,TC-0282,TR-PI-0282,644857954f8d5e3d,233348ab022d51b27498182c53bcf4e6ed06835eecb5746bd65b23a51fa53247,direct_extraction,DSGAI01,Critical,critical,tr,tr,,tr,cultural_manipulation,data_extraction,direct_mapping,in_scope,altaysec-seed-v0.2,pinned_snapshot_only,true
cases/TC-0283.json,TC-0283,TR-PI-0283,43a37acdc475c202,8572fb46b2fe66c03eb4ca590894e600e4d045200b160cbe9c3a61e74bcd32c2,system_prompt_extraction,DSGAI15,High,medium,tr,tr,,tr,cultural_manipulation,data_extraction,direct_mapping,in_scope,altaysec-seed-v0.2,pinned_snapshot_only,true
cases/TC-0284.json,TC-0284,TR-PI-0284,b731e093c33802ff,b731e093c33802ff55db5cb39c144b4db72a07f36ce03c31c95a8aec0d375e4b,direct_extraction,DSGAI01,High,high,tr,tr,,tr,cultural_manipulation,data_extraction,direct_mapping,in_scope,altaysec-seed-v0.2,pinned_snapshot_only,false
cases/TC-0285.json,TC-0285,TR-PI-0285,fdda8c666c405830,fdda8c666c405830a9268f8cb87f3ca66536c26a94a6135eede5e7de8fc6de19,cross_context_bleed,DSGAI11,Critical,high,tr,tr,,tr,cultural_manipulation,data_extraction,direct_mapping,in_scope,altaysec-seed-v0.2,pinned_snapshot_only,false
cases/TC-0286.json,TC-0286,TR-PI-0286,f610a09f2f51c013,84842d243a0b53ee152ec639a90bce3335537aebe35bbb96deee8fcee8cae28e,direct_extraction,DSGAI01,High,high,tr,tr,,tr,pii_exfiltration,data_extraction,direct_mapping,in_scope,altaysec-seed-v0.2,pinned_snapshot_only,true
cases/TC-0287.json,TC-0287,TR-PI-0287,60b8f10f938277ab,1974a519f0d7a33106664bbe26cd0152bdd37acff9db1121151ebc8cadc189fc,direct_extraction,DSGAI01,High,high,tr,tr,,tr,pii_exfiltration,data_extraction,direct_mapping,in_scope,altaysec-seed-v0.2,pinned_snapshot_only,true
cases/TC-0288.json,TC-0288,TR-PI-0288,542315110b040b6b,fd2b6c7a516c8abb4d5dba12f84a1e263ed3d78f96236e86b9bc7ff888aa620f,direct_extraction,DSGAI01,Critical,critical,tr,tr,,tr,pii_exfiltration,data_extraction,direct_mapping,in_scope,altaysec-seed-v0.2,pinned_snapshot_only,true
cases/TC-0289.json,TC-0289,TR-PI-0289,be541a1852ce8aec,a440736f8953a0dac57822ab2b5ff481e76b38ceb402bf8b5eca39b39153421f,direct_extraction,DSGAI01,Critical,critical,tr,tr,,tr,pii_exfiltration,data_extraction,direct_mapping,in_scope,altaysec-seed-v0.2,pinned_snapshot_only,true
cases/TC-0290.json,TC-0290,TR-PI-0290,bb196df58e479486,7ea3c0b75f6cb3b6646429ac203c73a5af2f2db6b7b9fe046e25bf4580da960f,direct_extraction,DSGAI01,High,medium,tr,tr,,tr,pii_exfiltration,data_extraction,direct_mapping,in_scope,altaysec-seed-v0.2,pinned_snapshot_only,true
cases/TC-0291.json,TC-0291,TR-PI-0291,ef6614b097f9ae63,503305b7c605016e2198a554575fbb5eb1f8142e716aee6f046e3d591c01b175,direct_extraction,DSGAI01,High,high,tr,tr,,tr,pii_exfiltration,data_extraction,direct_mapping,in_scope,altaysec-seed-v0.2,pinned_snapshot_only,true
cases/TC-0292.json,TC-0292,TR-PI-0292,a42bc13245b1f565,a42bc13245b1f5652af7fad73ac5859a5170bd94f2bba2ad17e23f54d175bbdb,direct_extraction,DSGAI01,Critical,critical,tr,tr,,tr,pii_exfiltration,data_extraction,direct_mapping,in_scope,altaysec-seed-v0.2,pinned_snapshot_only,false
cases/TC-0293.json,TC-0293,TR-PI-0293,287bf70f097a960e,f51245b943b37ff791b2c57533cfd0923dcc201eac9d95ee586f73a95ca800ea,direct_extraction,DSGAI01,High,high,tr,tr,,tr,pii_exfiltration,data_extraction,direct_mapping,in_scope,altaysec-seed-v0.2,pinned_snapshot_only,true
cases/TC-0294.json,TC-0294,TR-PI-0294,be138546404f11dd,50e20eff3411dc6f9c2b7dfb9a10198f8b0442953ddec1c48b29235c6a83ef46,direct_extraction,DSGAI01,High,medium,tr,tr,,tr,pii_exfiltration,data_extraction,direct_mapping,in_scope,altaysec-seed-v0.2,pinned_snapshot_only,true
cases/TC-0295.json,TC-0295,TR-PI-0295,05f2c4f34cfc8464,05f2c4f34cfc84647e1ccd363eb0d3ad595a4288d31c971da5fd75b2161af2db,direct_extraction,DSGAI01,High,high,tr,tr,,tr,pii_exfiltration,data_extraction,direct_mapping,in_scope,altaysec-seed-v0.2,pinned_snapshot_only,true
cases/TC-0296.json,TC-0296,TR-PI-0296,3521fc2380c1505b,3521fc2380c1505b7dc53d6215d8d6ebaec063ccea81894c53b81ddbe57d7489,direct_extraction,DSGAI01,High,high,tr,tr,,tr,pii_exfiltration,data_extraction,direct_mapping,in_scope,altaysec-seed-v0.2,pinned_snapshot_only,false
cases/TC-0297.json,TC-0297,TR-PI-0297,6ecba6606bd89a41,6ecba6606bd89a41065da9ec516a2d5120c99a090a0e3c934c442806cc9d8fcd,direct_extraction,DSGAI01,High,high,tr,tr,,tr,pii_exfiltration,data_extraction,direct_mapping,in_scope,altaysec-seed-v0.2,pinned_snapshot_only,false
cases/TC-0298.json,TC-0298,TR-PI-0298,e80c684eeccdccde,e61743481d52f2f0213f2d5897890392b32f35d84eba25d82d5a66cdc89feab4,direct_extraction,DSGAI01,Critical,critical,tr,tr,,tr,pii_exfiltration,data_extraction,direct_mapping,in_scope,altaysec-seed-v0.2,pinned_snapshot_only,true
cases/TC-0299.json,TC-0299,TR-PI-0299,d83b4b51feb22ffd,d83b4b51feb22ffd6334fa103a75ea777ae3712bafa3389e727147c27da122c4,direct_extraction,DSGAI01,High,high,tr,tr,,tr,pii_exfiltration,data_extraction,manual_review,in_scope,altaysec-seed-v0.2,pinned_snapshot_only,false
cases/TC-0300.json,TC-0300,TR-PI-0300,35ae42aa622fa392,35ae42aa622fa392c75dba7d6e72981ebfd9a534e294fb6387d640ddf84b19f9,direct_extraction,DSGAI01,Critical,critical,tr,tr,,tr,pii_exfiltration,data_extraction,direct_mapping,in_scope,altaysec-seed-v0.2,pinned_snapshot_only,false
