testcase_id,output_file,source_pair_id,source_attack_record_id,source_control_record_id,attack_family,source_context,source_split,category,dsgai_mapping,severity,scope,source_file,source_file_sha256,attack_prompt_sha256,control_prompt_sha256,case_file_sha256,source_revision
TC-0301,cases/TC-0301.json,pair_0001,tcpi_p0001_a,tcpi_p0001_b,direct_instruction_override,direct_user,train,other,DSGAI05,Medium,prompt_injection_control,data/train.jsonl,16b007c20581c1be16dac53d96d501a6451c92aa8f3ea9f2e976d543ff3e59fd,7d8b05feebde4301e1edadefe74c7f15dd4fa11cc42fbbc2ea093d09f454e274,e70e0c0d0e746e87e97ee24011cd1ce024d28d0d2cbe2bbb166ad58d2d359f7d,ac7d988452b7a92aa7b912024008d7e792856e42232d5c9132f89214e3f74512,9a2163b051237e3c15f842a3ef517cd029b1ccd4
TC-0302,cases/TC-0302.json,pair_0002,tcpi_p0002_a,tcpi_p0002_b,direct_instruction_override,direct_user,train,other,DSGAI05,Medium,prompt_injection_control,data/train.jsonl,16b007c20581c1be16dac53d96d501a6451c92aa8f3ea9f2e976d543ff3e59fd,b165468680b8362a050499fd1c22423efdb1affb7e5b6257a567a6d88d1cf866,cb59a680189039b4da32aa1cec65402b6ebaa990c4d794d0c0f0a5d8c9f8c6a6,88f5ff537e7215281760fffc269c5e66afe88b3af9b11d152a4b788b6cd9444a,9a2163b051237e3c15f842a3ef517cd029b1ccd4
TC-0303,cases/TC-0303.json,pair_0003,tcpi_p0003_a,tcpi_p0003_b,direct_instruction_override,direct_user,train,other,DSGAI05,Medium,prompt_injection_control,data/train.jsonl,16b007c20581c1be16dac53d96d501a6451c92aa8f3ea9f2e976d543ff3e59fd,353692dce739fbc6f226432f68e48d542b1bbcd5ef1e65c2b76056e9cdb842f0,947ebbdc99d20054e18829f49afdf61b50327825998cd206d5308875f40f6e82,ec797098c2b945f82ee6bb057bce9f6e630935c702aecc8d53f51a8582481423,9a2163b051237e3c15f842a3ef517cd029b1ccd4
TC-0304,cases/TC-0304.json,pair_0004,tcpi_p0004_a,tcpi_p0004_b,direct_instruction_override,direct_user,test,other,DSGAI05,Medium,prompt_injection_control,data/test.jsonl,b21520130e80a3c28786f32a69b6d2f40740c5899ad6500a6a603931eb1327b4,49223f81de1a19b5bf49b97b62ad67386ee283262169cf4fe2dc3a62385d3045,76c97936252be357b23fdfee206ff2178d8a9fbe14bbd17471bf27a580450472,a9142b1a3c7cc29f03e0752d3953696006e2e42cfacd396593c4418ffffc49ec,9a2163b051237e3c15f842a3ef517cd029b1ccd4
TC-0305,cases/TC-0305.json,pair_0005,tcpi_p0005_a,tcpi_p0005_b,direct_instruction_override,direct_user,test,other,DSGAI05,Medium,prompt_injection_control,data/test.jsonl,b21520130e80a3c28786f32a69b6d2f40740c5899ad6500a6a603931eb1327b4,c8913f01db5fcdf315670fd056968f7ed564018440e291a2a4344bd79c104c8a,751fa180add717b78358d26551840a1d275b95f519a32b29638d0cf1bcddba29,be326cb9c1f6bf1eda11f910ebd152d0021b9181848e13fd66d596c50b47aa5c,9a2163b051237e3c15f842a3ef517cd029b1ccd4
TC-0306,cases/TC-0306.json,pair_0006,tcpi_p0006_a,tcpi_p0006_b,direct_instruction_override,direct_user,train,other,DSGAI05,Medium,prompt_injection_control,data/train.jsonl,16b007c20581c1be16dac53d96d501a6451c92aa8f3ea9f2e976d543ff3e59fd,16f4069f731e89f90aa5c943f5be1013d40c830252980ad04966da3bef30518f,01026d6bdc9635d80bc0d0406d36118dbbd87633a6bd4f0aadf98bc6e2e43127,1b816247f71c68a5ea7e25bb52e47b2f5d18d163ec5a71c9f56d5cf74ddae471,9a2163b051237e3c15f842a3ef517cd029b1ccd4
TC-0307,cases/TC-0307.json,pair_0007,tcpi_p0007_a,tcpi_p0007_b,direct_instruction_override,direct_user,validation,other,DSGAI05,Medium,prompt_injection_control,data/validation.jsonl,3bd3533f078041bd308fbc5066ac7df1a3161e7a5a1881d4701c78ed7950c80f,74d063632ca5c80a91f4bbeb4cfac6f13b76719dfef708b31f43b5878e3c4519,570393b156bc3b6e1ce599a637217bc3181d82273d4cba8223df61584d69bf17,d806f5d35ce7da52c9bd29f94ffb0a9c8d0a676f6f96d9a58682cb36e59f81b1,9a2163b051237e3c15f842a3ef517cd029b1ccd4
TC-0308,cases/TC-0308.json,pair_0008,tcpi_p0008_a,tcpi_p0008_b,direct_instruction_override,direct_user,train,other,DSGAI05,Medium,prompt_injection_control,data/train.jsonl,16b007c20581c1be16dac53d96d501a6451c92aa8f3ea9f2e976d543ff3e59fd,f9e0be7f2db553571fc18c7921e15dc7fa4a3fcef8c350c8f0847a6a01dc915b,d3b5dd15e4acec4179cd351c6be0c72db3a473c16473050706783504d595274e,93259d60586c39f9451ff3efc6592f50de5281caf2c16f3891fed9095b86321f,9a2163b051237e3c15f842a3ef517cd029b1ccd4
TC-0309,cases/TC-0309.json,pair_0009,tcpi_p0009_a,tcpi_p0009_b,direct_instruction_override,direct_user,test,other,DSGAI05,Medium,prompt_injection_control,data/test.jsonl,b21520130e80a3c28786f32a69b6d2f40740c5899ad6500a6a603931eb1327b4,ec2d58c870f84119df25a36fce1b871b3b52f6662376de741ffabcc146250d45,d4437e7b0d87ff5caf142fde60b5f90530b7a116f656b1f1c73ef2b3e9bbf26c,277f52ce6ca10de6bcdbd115252df3c63e5ed9e6668116310377386e25983bcf,9a2163b051237e3c15f842a3ef517cd029b1ccd4
TC-0310,cases/TC-0310.json,pair_0010,tcpi_p0010_a,tcpi_p0010_b,direct_instruction_override,direct_user,train,other,DSGAI05,Medium,prompt_injection_control,data/train.jsonl,16b007c20581c1be16dac53d96d501a6451c92aa8f3ea9f2e976d543ff3e59fd,3f5ea5c17e9e1ec2bdeb73d10aea0b549a63332332c785366cb7cfd39108753c,b81e79881e4b7d9ab3ee934e0ff0b5e31e3bd0c8a3cb7aa179dd077b4a61e3e7,8589f571f43768ead1a5a0ec19ad9c4d594b28263711f61ea79ecbd870e3d586,9a2163b051237e3c15f842a3ef517cd029b1ccd4
TC-0311,cases/TC-0311.json,pair_0011,tcpi_p0011_a,tcpi_p0011_b,direct_instruction_override,direct_user,train,other,DSGAI05,Medium,prompt_injection_control,data/train.jsonl,16b007c20581c1be16dac53d96d501a6451c92aa8f3ea9f2e976d543ff3e59fd,22f66718c768f0c8db1ee1432e60815929c2b129545cd276c63c16d9a4ab344c,10514e780f8c027f2b9bbdc950eb591f95ef145a6abfda851f414c6ce8e55bae,9fc89b6e0bef604220581d615c3ac716383b64acbe44fd22bde9dd75f5e4793b,9a2163b051237e3c15f842a3ef517cd029b1ccd4
TC-0312,cases/TC-0312.json,pair_0012,tcpi_p0012_a,tcpi_p0012_b,direct_instruction_override,direct_user,validation,other,DSGAI05,Medium,prompt_injection_control,data/validation.jsonl,3bd3533f078041bd308fbc5066ac7df1a3161e7a5a1881d4701c78ed7950c80f,cd3b68284d1d204f96547c664bafd4d26e590cda5ddf8f791efed9ad507be59f,aff360ee72b86e8e7490b9b3d24aebf37f66b64c6b8878210a10a87d502eebda,f92ea9828f5777a60932c6f652a4107c146f8d3c7d6e103720664046c0392932,9a2163b051237e3c15f842a3ef517cd029b1ccd4
TC-0313,cases/TC-0313.json,pair_0013,tcpi_p0013_a,tcpi_p0013_b,direct_instruction_override,direct_user,train,direct_extraction,DSGAI01|DSGAI05,High,data_extraction,data/train.jsonl,16b007c20581c1be16dac53d96d501a6451c92aa8f3ea9f2e976d543ff3e59fd,0fa255042a13a319cb1635a07b6712366d46fade15c1057011fe1bc2f0f73166,2c713b3fe4bb4bbe8dc1f3da78ddac9ebefa085bb1a09f40cabf9d68d583f385,1d6c6d5af32915539c174321a144d78d4fa6c0bca3259a7d0b186432858591d7,9a2163b051237e3c15f842a3ef517cd029b1ccd4
TC-0314,cases/TC-0314.json,pair_0014,tcpi_p0014_a,tcpi_p0014_b,direct_instruction_override,direct_user,train,other,DSGAI05,Medium,prompt_injection_control,data/train.jsonl,16b007c20581c1be16dac53d96d501a6451c92aa8f3ea9f2e976d543ff3e59fd,d33b9fb5c5529dc486add4d9da583386ae9f036f8e106b6726a5459cb8c426fe,4ded48ee7400fd3e6935892e0d8a927bd620b51f5480f138c066364d7db7d106,d899aa3ea7ae37165110ad27daddffce27827a62c9079eb9d726128f451d5163,9a2163b051237e3c15f842a3ef517cd029b1ccd4
TC-0315,cases/TC-0315.json,pair_0015,tcpi_p0015_a,tcpi_p0015_b,direct_instruction_override,direct_user,train,other,DSGAI05,Medium,prompt_injection_control,data/train.jsonl,16b007c20581c1be16dac53d96d501a6451c92aa8f3ea9f2e976d543ff3e59fd,2ff916a1952a4b6c73050267ac7eb513edd712585cb939f6e3dd2a7247ee34f9,08d5b937dc05fc1f084369eaea2e08eb7af0e4fe3e5b58ecd4dbc432370de558,864c7eacd1cc6614bdaf9134a7fe0a68f370f84a188406fcb932396479ac441c,9a2163b051237e3c15f842a3ef517cd029b1ccd4
TC-0316,cases/TC-0316.json,pair_0016,tcpi_p0016_a,tcpi_p0016_b,system_prompt_extraction,direct_user,train,system_prompt_extraction,DSGAI15,High,data_extraction,data/train.jsonl,16b007c20581c1be16dac53d96d501a6451c92aa8f3ea9f2e976d543ff3e59fd,dceaa10a465acbf9121e85e600e4fe58247596e0eafc3a1597c64bbc26703fd2,ca3e356275841d682bf77b23a5a5ea7242d4460adec0336a1d1a2f2a26400133,409f62baa9891c18acd72362ad1be1a5a595e65473e334955ae698cd3112ba9d,9a2163b051237e3c15f842a3ef517cd029b1ccd4
TC-0317,cases/TC-0317.json,pair_0017,tcpi_p0017_a,tcpi_p0017_b,system_prompt_extraction,direct_user,test,system_prompt_extraction,DSGAI15,High,data_extraction,data/test.jsonl,b21520130e80a3c28786f32a69b6d2f40740c5899ad6500a6a603931eb1327b4,f056224bf2e3825067a6549b937a3b3dc3508ccd1b17323f2fe07b678adb777e,f525e8f5865f0dd15f3e03c2b286785e61120a929f89dbe91226e2d9cb049550,b69b8fc726eefd378057b6084b50a5fdbfad658d89583445f25cec03ce718733,9a2163b051237e3c15f842a3ef517cd029b1ccd4
TC-0318,cases/TC-0318.json,pair_0018,tcpi_p0018_a,tcpi_p0018_b,system_prompt_extraction,direct_user,test,system_prompt_extraction,DSGAI15,High,data_extraction,data/test.jsonl,b21520130e80a3c28786f32a69b6d2f40740c5899ad6500a6a603931eb1327b4,197b8892dd1ab8cf7858d8cd994ea32451065a7b7a9583e91079e753c4a99249,0f521648969db2f0b93c26c0d983cd160a9964eb609a7c63f5ab3bf2d4dccc12,1b508c4dbbcdf6b685f735122747b42142a26367704039597e2d7587eebba7c4,9a2163b051237e3c15f842a3ef517cd029b1ccd4
TC-0319,cases/TC-0319.json,pair_0019,tcpi_p0019_a,tcpi_p0019_b,system_prompt_extraction,direct_user,train,system_prompt_extraction,DSGAI15,High,data_extraction,data/train.jsonl,16b007c20581c1be16dac53d96d501a6451c92aa8f3ea9f2e976d543ff3e59fd,ead6604a1fbc7f7288665a42cc6ac4e479f7eedaa6af8a6352736238cd8b5b26,e7bc1cf60988392657069e73545917bdc386fa5eb65bd80e2c06eab4662f5472,adf3e29c296ef7bd57a52e5dd816a33b14d3944244efe73448b339cf5b76b706,9a2163b051237e3c15f842a3ef517cd029b1ccd4
TC-0320,cases/TC-0320.json,pair_0020,tcpi_p0020_a,tcpi_p0020_b,system_prompt_extraction,direct_user,validation,system_prompt_extraction,DSGAI15,High,data_extraction,data/validation.jsonl,3bd3533f078041bd308fbc5066ac7df1a3161e7a5a1881d4701c78ed7950c80f,677ba3366c9381d4d585cbb67c79cbde93fbc0d1ba9b03f5c0131805e46909e1,14ae3356f74a9e4732938301975f483bbf03b3520bea7b45a4d75b2dd72fb908,af6ce8dfc0f2831a73058a895d8a1a9c343ea0daa5f75cbe1f21dc57b16913d2,9a2163b051237e3c15f842a3ef517cd029b1ccd4
TC-0321,cases/TC-0321.json,pair_0021,tcpi_p0021_a,tcpi_p0021_b,system_prompt_extraction,direct_user,train,system_prompt_extraction,DSGAI15,High,data_extraction,data/train.jsonl,16b007c20581c1be16dac53d96d501a6451c92aa8f3ea9f2e976d543ff3e59fd,6d73ac03971a2d5a23fe452e19e885a8d24085ed65c514e388e9f1780605176f,d5d6123feaa59a94cb9aed216dfe1980b2c2750993718ba994de686d39f7811c,cf0b2c5ce55adaa40fec6c2956566f276b60651887e45c2b4a06f7e44783383e,9a2163b051237e3c15f842a3ef517cd029b1ccd4
TC-0322,cases/TC-0322.json,pair_0022,tcpi_p0022_a,tcpi_p0022_b,system_prompt_extraction,direct_user,train,system_prompt_extraction,DSGAI15,High,data_extraction,data/train.jsonl,16b007c20581c1be16dac53d96d501a6451c92aa8f3ea9f2e976d543ff3e59fd,e41fb403a9617e47063d8569645ce40dfef468b7b379e899c9b74b15af0952b3,bb1c4d765e8ed1d3a44611d50e6c271ee333a37676cf886ebc9f5e3b8aa535b2,1fbe121ee9e5e5ea458822973af8544eea59d775031a00b1a4228b5c6d59d8ab,9a2163b051237e3c15f842a3ef517cd029b1ccd4
TC-0323,cases/TC-0323.json,pair_0023,tcpi_p0023_a,tcpi_p0023_b,system_prompt_extraction,direct_user,validation,system_prompt_extraction,DSGAI15,High,data_extraction,data/validation.jsonl,3bd3533f078041bd308fbc5066ac7df1a3161e7a5a1881d4701c78ed7950c80f,2fa3250fc45a69550a30c06538cef6a796e62e993efe328592f44a12e1443ef6,4f28d4476e6f222bf5d49ee9d3e2c6ac228e146aaacffa3cb5e53da68aa704df,df9c5f943a8a068cbf4d2f6a7db7c318e2c66879775e7d5bd78d129bd7da26ab,9a2163b051237e3c15f842a3ef517cd029b1ccd4
TC-0324,cases/TC-0324.json,pair_0024,tcpi_p0024_a,tcpi_p0024_b,system_prompt_extraction,direct_user,train,system_prompt_extraction,DSGAI15,High,data_extraction,data/train.jsonl,16b007c20581c1be16dac53d96d501a6451c92aa8f3ea9f2e976d543ff3e59fd,16a59e4196b1940de406a9854c7244d0a0daccf8b8dcbaeba3f8f09810707324,8e6e08883d3b7089eff45e78a5d5b6654de4a91d83054cdab5a157c4ade213e4,c3eaaaf933ed88730162008c1a62a0dc77b24783bd504ea14364df2575bf7bf6,9a2163b051237e3c15f842a3ef517cd029b1ccd4
TC-0325,cases/TC-0325.json,pair_0025,tcpi_p0025_a,tcpi_p0025_b,system_prompt_extraction,direct_user,train,system_prompt_extraction,DSGAI15,High,data_extraction,data/train.jsonl,16b007c20581c1be16dac53d96d501a6451c92aa8f3ea9f2e976d543ff3e59fd,bc9c837e03ff813c33fff5f5166ffca70378971fd582e5ce39e3943b22bdd908,51735bd8e82fda5653f778856f6640e5cd2bc3340d70910f8927797e4e340d22,749f24f3873a7ed70c17215d138e23eb3cca0f51fea60dcbdd97d9ddb45587e2,9a2163b051237e3c15f842a3ef517cd029b1ccd4
TC-0326,cases/TC-0326.json,pair_0026,tcpi_p0026_a,tcpi_p0026_b,system_prompt_extraction,direct_user,test,system_prompt_extraction,DSGAI15,High,data_extraction,data/test.jsonl,b21520130e80a3c28786f32a69b6d2f40740c5899ad6500a6a603931eb1327b4,e81f3093055b3eb53f97bd53d29f7d62a83c81a25f81dc498a6d9af72e7220a8,db622879537dd51c0e01d6ac0691b537919d7f81e9dac8e2d92cd78962abfd1d,81c996aa709c649bdf21cb7bf86ac2a8d5047f486be22f4846fbbeb780fabb58,9a2163b051237e3c15f842a3ef517cd029b1ccd4
TC-0327,cases/TC-0327.json,pair_0027,tcpi_p0027_a,tcpi_p0027_b,system_prompt_extraction,direct_user,train,system_prompt_extraction,DSGAI15,High,data_extraction,data/train.jsonl,16b007c20581c1be16dac53d96d501a6451c92aa8f3ea9f2e976d543ff3e59fd,b21741bcb04b00088ffda4c1363657a576978eb5f96ddd7848bc891fce93fee3,1b7f62b9dacb67e1ceaf27624c0ca32de76be6d37ac2b12397ebdec765a6ef67,b00be6c7e8ab5140bd0dcc6611d7e1eb41bce5394f3d53f282d51a654c61a4dd,9a2163b051237e3c15f842a3ef517cd029b1ccd4
TC-0328,cases/TC-0328.json,pair_0028,tcpi_p0028_a,tcpi_p0028_b,system_prompt_extraction,direct_user,train,system_prompt_extraction,DSGAI15,High,data_extraction,data/train.jsonl,16b007c20581c1be16dac53d96d501a6451c92aa8f3ea9f2e976d543ff3e59fd,8c9fdde601e3c1ae90277f01526a947810f1f474da6007d8b0c6d93cb6e71d13,109710ad7446f3818a23c911be446d6dc42e12e83014741d5575257bdf9c675e,c1460a81d7b90ce51b4fb342bb43997e061cd2799dff58a64ef446e56938b11e,9a2163b051237e3c15f842a3ef517cd029b1ccd4
TC-0329,cases/TC-0329.json,pair_0029,tcpi_p0029_a,tcpi_p0029_b,system_prompt_extraction,direct_user,train,system_prompt_extraction,DSGAI15,High,data_extraction,data/train.jsonl,16b007c20581c1be16dac53d96d501a6451c92aa8f3ea9f2e976d543ff3e59fd,88b8405bfb88c84a6215e77cf1cf396705d3871d6617c8b74afb3cf0fdf8387d,f791f547dd7907bef556bf40095e0cc1dee6062c70da8bbda04757411f4cba86,c796600c60cea75ac07cb312db8b05bb9c58c826b6b4b5cd5e3e6bf728b7dea7,9a2163b051237e3c15f842a3ef517cd029b1ccd4
TC-0330,cases/TC-0330.json,pair_0030,tcpi_p0030_a,tcpi_p0030_b,system_prompt_extraction,direct_user,train,system_prompt_extraction,DSGAI15,High,data_extraction,data/train.jsonl,16b007c20581c1be16dac53d96d501a6451c92aa8f3ea9f2e976d543ff3e59fd,3211a8a718b0a148de7dbc80475f63bdd82a9e72736492e942ce4543253123ad,6e85d56c4abc11ee8b333b1540a47fa60f7857368378c3ea1f773ff9aae0b3b8,1e0cebf4a995c7d54ac5fcbfa6d77e7ddc1632410707169e86ed34a5f1d73ad4,9a2163b051237e3c15f842a3ef517cd029b1ccd4
TC-0331,cases/TC-0331.json,pair_0031,tcpi_p0031_a,tcpi_p0031_b,roleplay_jailbreak,direct_user,train,other,DSGAI05,Medium,prompt_injection_control,data/train.jsonl,16b007c20581c1be16dac53d96d501a6451c92aa8f3ea9f2e976d543ff3e59fd,47826aecee7bb5fc4ea7c9593042751c654a4228162a149ff05b1a5271bfcc52,49d091b0c29e113369d34cb0b1182a447d230f37d0142ebf2aee22b8bf60f0d6,4b427c69e2324b0f74711f888026cd4f60081eae7404ade78968b60c95aa339d,9a2163b051237e3c15f842a3ef517cd029b1ccd4
TC-0332,cases/TC-0332.json,pair_0032,tcpi_p0032_a,tcpi_p0032_b,roleplay_jailbreak,direct_user,train,other,DSGAI05,Medium,prompt_injection_control,data/train.jsonl,16b007c20581c1be16dac53d96d501a6451c92aa8f3ea9f2e976d543ff3e59fd,d1f3e1a269ebfd88d2c723b2b04c8a097fa00e2e9aa0b3f5e145f470a5fb361a,64853c372344a2ab518e9fabf8d44b95984b70420c9ee70c46cf3164d814c02a,ac2af06db237eb9958d234d405f9bd906930524d3c76fd12627aeb422ecd4dc0,9a2163b051237e3c15f842a3ef517cd029b1ccd4
TC-0333,cases/TC-0333.json,pair_0033,tcpi_p0033_a,tcpi_p0033_b,roleplay_jailbreak,direct_user,train,direct_extraction,DSGAI01|DSGAI05,High,data_extraction,data/train.jsonl,16b007c20581c1be16dac53d96d501a6451c92aa8f3ea9f2e976d543ff3e59fd,94895f38a1e1c8f1b8f633d0e9f087b1f1699a997139505a468c8b62202d1492,2a5bd82562f640361182792b2908964944b6e7aad8c4497e48cd7d2b4be3c3ad,34ee98610488ca5502e1094fea6007c2b30cc5e0463ded75b5362c51fa5b5ed5,9a2163b051237e3c15f842a3ef517cd029b1ccd4
TC-0334,cases/TC-0334.json,pair_0034,tcpi_p0034_a,tcpi_p0034_b,roleplay_jailbreak,direct_user,train,other,DSGAI05,Medium,prompt_injection_control,data/train.jsonl,16b007c20581c1be16dac53d96d501a6451c92aa8f3ea9f2e976d543ff3e59fd,edf8529998f5cd5c918e415e63b8c00087890b23dc886fbfd9d9e1c7317e7dfb,4c73c9070639312385136398eff711e7740f9356644126c788d3e195ee7be1e0,ef3080dfa563f1fae9a3a21e8e2b1c9acce0dc3e99d6a9ff1ef73470d50bf547,9a2163b051237e3c15f842a3ef517cd029b1ccd4
TC-0335,cases/TC-0335.json,pair_0035,tcpi_p0035_a,tcpi_p0035_b,roleplay_jailbreak,direct_user,test,credential_harvesting,DSGAI02|DSGAI05,High,data_extraction,data/test.jsonl,b21520130e80a3c28786f32a69b6d2f40740c5899ad6500a6a603931eb1327b4,ccc0561ed23d58a50eea4f986073c3b3988ec3c5a0fd4038f72fa1545891981d,01014251872d5fe490c48fe9eeb694db8fa393eac66f6b05128dfe2230ae964d,e992f275d59b886a4b87e81eb723eb2cef379aeee07b0bf993e089585945641d,9a2163b051237e3c15f842a3ef517cd029b1ccd4
TC-0336,cases/TC-0336.json,pair_0036,tcpi_p0036_a,tcpi_p0036_b,roleplay_jailbreak,direct_user,train,direct_extraction,DSGAI01|DSGAI05,High,data_extraction,data/train.jsonl,16b007c20581c1be16dac53d96d501a6451c92aa8f3ea9f2e976d543ff3e59fd,dc61af0336e966dec8bfeb76b5b8b7a4837a63eb034738265506e65194f4987c,dd491f79136d56ea5cbdb9efcdaa667fc00aa3b2fa693fd48d38acd7e469b4cb,c974cb008414be95803f0c4f0b935dce51f4052d5c2c4fadb4d7fa187b31f01d,9a2163b051237e3c15f842a3ef517cd029b1ccd4
TC-0337,cases/TC-0337.json,pair_0037,tcpi_p0037_a,tcpi_p0037_b,roleplay_jailbreak,direct_user,train,other,DSGAI05,Medium,prompt_injection_control,data/train.jsonl,16b007c20581c1be16dac53d96d501a6451c92aa8f3ea9f2e976d543ff3e59fd,b5d48c3769b6cdb26cddc6cc3f04e186864a7ca1becac1c5b02ea61a32de7f62,537526a014259c812f634e39aadb76d6e43655831e181b2f5d3a7ed27825ad5c,5f480b4a10cd2fb995b727fbc0f820b5aaf3f1b02846547dd519417c47df76cc,9a2163b051237e3c15f842a3ef517cd029b1ccd4
TC-0338,cases/TC-0338.json,pair_0038,tcpi_p0038_a,tcpi_p0038_b,roleplay_jailbreak,direct_user,train,direct_extraction,DSGAI01|DSGAI05,High,data_extraction,data/train.jsonl,16b007c20581c1be16dac53d96d501a6451c92aa8f3ea9f2e976d543ff3e59fd,03b3a16c8dacdd4a0df6b916fe21ba19dc0105120044e9ec4d8d36749d420921,12c0675287dafc9cefb8e4eaf313e3c8046c3db58b8a373eba7877cbefedb4b4,0872535a06de0946f65ade058c877d84c9caa0a34fab6f9415fd3f9a54b16dbe,9a2163b051237e3c15f842a3ef517cd029b1ccd4
TC-0339,cases/TC-0339.json,pair_0039,tcpi_p0039_a,tcpi_p0039_b,roleplay_jailbreak,direct_user,test,credential_harvesting,DSGAI02|DSGAI05,High,data_extraction,data/test.jsonl,b21520130e80a3c28786f32a69b6d2f40740c5899ad6500a6a603931eb1327b4,74a7058c0ce6bd8a26c86b117a78f333229585ade8cf033cd1a9a63f0f14d90f,be5f5a0bbcedeb40ee49d8b207d94de08823ba1393b7ea95d364d9c18bd3e96c,d59a25beb89152cbab0043b053ee6c595aef25c89084d0aa21ebce228c04e835,9a2163b051237e3c15f842a3ef517cd029b1ccd4
TC-0340,cases/TC-0340.json,pair_0040,tcpi_p0040_a,tcpi_p0040_b,roleplay_jailbreak,direct_user,validation,other,DSGAI05,Medium,prompt_injection_control,data/validation.jsonl,3bd3533f078041bd308fbc5066ac7df1a3161e7a5a1881d4701c78ed7950c80f,26485f61919f453a5429ea840cc5d7f6c313b92ee575864e45b9ab22977d704a,13d9c1f011ed86ac02d213665586eee2560905bffaae7ce7d7b043e99a2fe772,4ededa2322d028db66b2db6e29e199cb37de391be8eaf3880e9388ca3291d1b4,9a2163b051237e3c15f842a3ef517cd029b1ccd4
TC-0341,cases/TC-0341.json,pair_0041,tcpi_p0041_a,tcpi_p0041_b,roleplay_jailbreak,direct_user,validation,direct_extraction,DSGAI01|DSGAI05,High,data_extraction,data/validation.jsonl,3bd3533f078041bd308fbc5066ac7df1a3161e7a5a1881d4701c78ed7950c80f,d1deb4886cf4f134eeabfa5f8827d0021b3c62c9fd72698a6d1b1e69fc45634c,10b16432b352875d52316748f07db12787388c7cfc1b3ed359d93c4bd9005606,aa5beca7c8dda889679f90239aaa7b62cb97af1ddf3850c0befee94bd20dd9df,9a2163b051237e3c15f842a3ef517cd029b1ccd4
TC-0342,cases/TC-0342.json,pair_0042,tcpi_p0042_a,tcpi_p0042_b,roleplay_jailbreak,direct_user,train,other,DSGAI05,Medium,prompt_injection_control,data/train.jsonl,16b007c20581c1be16dac53d96d501a6451c92aa8f3ea9f2e976d543ff3e59fd,3222318117d74900521a3f42a71140756c13cacec07c7ea75267a6eb96c2afa4,b9016e1299b41978ca65ce8ac7581f1d54014e53544fc05b06f5cbe53af351fa,e802dc0130412b0b18fc922b2688d81bb127148b64430239727a992d04cbe5db,9a2163b051237e3c15f842a3ef517cd029b1ccd4
TC-0343,cases/TC-0343.json,pair_0043,tcpi_p0043_a,tcpi_p0043_b,roleplay_jailbreak,direct_user,train,direct_extraction,DSGAI01|DSGAI05,High,data_extraction,data/train.jsonl,16b007c20581c1be16dac53d96d501a6451c92aa8f3ea9f2e976d543ff3e59fd,86ae50f5c2d7be974136055cf42008901fe457a10fb36107a78599bae816d1db,b4d64b91892b06c497a725a45180b18d03ea1dda67ac5b2e45a325abe72cad8d,ae657d9631551d90bcc8f8024fb36af97996ddf7f5080d8cd4bd1d4f7b913f18,9a2163b051237e3c15f842a3ef517cd029b1ccd4
TC-0344,cases/TC-0344.json,pair_0044,tcpi_p0044_a,tcpi_p0044_b,roleplay_jailbreak,direct_user,train,other,DSGAI05,Medium,prompt_injection_control,data/train.jsonl,16b007c20581c1be16dac53d96d501a6451c92aa8f3ea9f2e976d543ff3e59fd,6998ef9ed5ce734e2a9d2ebcf76fb4f91830bdd82e53e9c17897df95b0652a32,c737a340caf87206a83fbf17773c6d9dc85b927fb14bc28a68cb2578a7a0ce72,8b8a9a76084107d35e511b0650f2ec471bdcf3e6e08f35b1b34b46e7bf8ad34f,9a2163b051237e3c15f842a3ef517cd029b1ccd4
TC-0345,cases/TC-0345.json,pair_0045,tcpi_p0045_a,tcpi_p0045_b,roleplay_jailbreak,direct_user,test,direct_extraction,DSGAI01|DSGAI05,High,data_extraction,data/test.jsonl,b21520130e80a3c28786f32a69b6d2f40740c5899ad6500a6a603931eb1327b4,0e79b492ac28c2e00818a1f0cc29d39c7fee090cb7f70b5abac6f706e7d4f463,45577a8c1abd6c635dfee547ac6062124a742806619685eedba64c534112786e,24bb3e0eeb1a8c4da2d46a13579e469f12949f3cf1a8262b88293a7d7583f1ca,9a2163b051237e3c15f842a3ef517cd029b1ccd4
TC-0346,cases/TC-0346.json,pair_0046,tcpi_p0046_a,tcpi_p0046_b,authority_claim_bypass,direct_user,train,other,DSGAI06|DSGAI05,High,prompt_injection_control,data/train.jsonl,16b007c20581c1be16dac53d96d501a6451c92aa8f3ea9f2e976d543ff3e59fd,8f65b2a10296c03e26a0b6e36adb4daf18819a517d032385aaa700f073e40cff,24b5aa5209594b191c6941b460b1cfe1446409d0c45c26911ffb9e3e72581964,1e5ea6b63f52412760c2009c720d83e2c33ff72cf44a88861ed8177980b90cc6,9a2163b051237e3c15f842a3ef517cd029b1ccd4
TC-0347,cases/TC-0347.json,pair_0047,tcpi_p0047_a,tcpi_p0047_b,authority_claim_bypass,direct_user,test,direct_extraction,DSGAI01|DSGAI05,High,data_extraction,data/test.jsonl,b21520130e80a3c28786f32a69b6d2f40740c5899ad6500a6a603931eb1327b4,0beca7177cffd9dfce631ec59ca2534713707fd03c1941dbbba8127cc0fe2d1a,3d38592a171de39eea4f2ec002903473fbdb2ca78fe583d9c985ac9e39fca669,2a10fef9eee3ccdf4da40f20378b2f78dd11b96b3f2ae2cbf60a7750d1621be1,9a2163b051237e3c15f842a3ef517cd029b1ccd4
TC-0348,cases/TC-0348.json,pair_0048,tcpi_p0048_a,tcpi_p0048_b,authority_claim_bypass,direct_user,validation,direct_extraction,DSGAI01|DSGAI05,High,data_extraction,data/validation.jsonl,3bd3533f078041bd308fbc5066ac7df1a3161e7a5a1881d4701c78ed7950c80f,38a76dd80fb1f70f777c3358dadec8263fe60b1e4b56a7661fcf46ef98e1bc8c,a504be447180dbce776b8e0dabf8604ad7d16862695123647fbc2a1bad3a896f,c9d4a27f779eb42e369e57db2612f27e890eb926d7ffc00f60dd028b3aa529ce,9a2163b051237e3c15f842a3ef517cd029b1ccd4
TC-0349,cases/TC-0349.json,pair_0049,tcpi_p0049_a,tcpi_p0049_b,authority_claim_bypass,direct_user,test,direct_extraction,DSGAI01|DSGAI05,High,data_extraction,data/test.jsonl,b21520130e80a3c28786f32a69b6d2f40740c5899ad6500a6a603931eb1327b4,695ff40442df430de4a103d9647d866c60f5f1f7e0f67946ee3f8d8edd7fc83d,a48729d234516010cf808f2627e078cb32f9da7efaacd0b33f00ed26310f4066,b0ad20a2b0bb03593e9b302ff97ea94738006fce648d07d766d858d90e30e42e,9a2163b051237e3c15f842a3ef517cd029b1ccd4
TC-0350,cases/TC-0350.json,pair_0050,tcpi_p0050_a,tcpi_p0050_b,authority_claim_bypass,direct_user,train,other,DSGAI06|DSGAI05,High,prompt_injection_control,data/train.jsonl,16b007c20581c1be16dac53d96d501a6451c92aa8f3ea9f2e976d543ff3e59fd,ceaf1f8e669165f7d81381be447c052518150c8dc695195fcc1ddb5c6c3bc10d,602419bf35eb6c0384c77094f44f318c185da74b2187c0599703264d270e17fd,83b49966ad754af24dc6aa978bfbaae540984973e807985095f3e078f815cb98,9a2163b051237e3c15f842a3ef517cd029b1ccd4
TC-0351,cases/TC-0351.json,pair_0051,tcpi_p0051_a,tcpi_p0051_b,authority_claim_bypass,direct_user,train,direct_extraction,DSGAI01|DSGAI05,High,data_extraction,data/train.jsonl,16b007c20581c1be16dac53d96d501a6451c92aa8f3ea9f2e976d543ff3e59fd,7525ba313b30233ecf0c6551508d9496d99b6edc11a05c8b92e038784cc004d4,7f3f637847abf5ce493d31eb4c6a3f0c2c0354400479a16bdf1dd08b017c0451,27974e2223f09a36313b81b3d768eb588026ca1e6f47eff8cd5ca03ce76115dd,9a2163b051237e3c15f842a3ef517cd029b1ccd4
TC-0352,cases/TC-0352.json,pair_0052,tcpi_p0052_a,tcpi_p0052_b,authority_claim_bypass,direct_user,train,other,DSGAI06|DSGAI05,High,prompt_injection_control,data/train.jsonl,16b007c20581c1be16dac53d96d501a6451c92aa8f3ea9f2e976d543ff3e59fd,22866da157d3aa3486c4cc8a610d57b376c95d55b2aea8e33f8b0135ad06a656,b8dd8603f6958abfb375f79b4d680bc9dbef25dad7712657364db5f44c469c26,aa327b2150d81ab6b1f2778bc258bce712f004ac7c39cb2a13b052f253b0f818,9a2163b051237e3c15f842a3ef517cd029b1ccd4
TC-0353,cases/TC-0353.json,pair_0053,tcpi_p0053_a,tcpi_p0053_b,authority_claim_bypass,direct_user,validation,direct_extraction,DSGAI01|DSGAI05,High,data_extraction,data/validation.jsonl,3bd3533f078041bd308fbc5066ac7df1a3161e7a5a1881d4701c78ed7950c80f,0aa7b614e256252b1d1cd3dfc4a5899fa4fc97167d18618f604afa7c7b31a9dc,a7c4782638d9126f3d3c51e7012020a98884ba33a9f9b9178d114b7ef0fa6b4e,1460d9f76d50db9741b6642cfebcf7c3d74f224781df032e4211afc9379d88af,9a2163b051237e3c15f842a3ef517cd029b1ccd4
TC-0354,cases/TC-0354.json,pair_0054,tcpi_p0054_a,tcpi_p0054_b,authority_claim_bypass,direct_user,train,direct_extraction,DSGAI01|DSGAI05,High,data_extraction,data/train.jsonl,16b007c20581c1be16dac53d96d501a6451c92aa8f3ea9f2e976d543ff3e59fd,8f0bd1a7c16204ffeabe20c77a66c0703bcabbc27a08024d8e88a1b2a2177267,80136154a10db186ebbebd90060bf0b643c35877c0c1bf8ebcb8670b2995adff,cc57da6946a7a44f04853be904309d9d67552a02c8526062caa0bba7b479fe74,9a2163b051237e3c15f842a3ef517cd029b1ccd4
TC-0355,cases/TC-0355.json,pair_0055,tcpi_p0055_a,tcpi_p0055_b,authority_claim_bypass,direct_user,train,direct_extraction,DSGAI01|DSGAI05,High,data_extraction,data/train.jsonl,16b007c20581c1be16dac53d96d501a6451c92aa8f3ea9f2e976d543ff3e59fd,d1762769c7c691b5bdc9acc9d352d586a59de043506b8d6f940b6f0845bf5659,d9b0ae84bf57cf76d455eb523fa0975c915120ed68452dd73f82c8daaa282093,c16a54ee5abe8d00b702066074fc88998ca08928b2568585ce2b973d40cc16f6,9a2163b051237e3c15f842a3ef517cd029b1ccd4
TC-0356,cases/TC-0356.json,pair_0056,tcpi_p0056_a,tcpi_p0056_b,authority_claim_bypass,direct_user,test,other,DSGAI06|DSGAI05,Critical,prompt_injection_control,data/test.jsonl,b21520130e80a3c28786f32a69b6d2f40740c5899ad6500a6a603931eb1327b4,464a79aa43cabf74181a2915ec84718e003c15c633f13e69a39cc676265c3741,58138d0965cb154dec32e7dd2345320d599300f216d1d5fe1fd0848348da26a8,fd0bb5a1f245bc40ae539e29ce8453a500d14cf6fd24e256b6f680d92c0941a7,9a2163b051237e3c15f842a3ef517cd029b1ccd4
TC-0357,cases/TC-0357.json,pair_0057,tcpi_p0057_a,tcpi_p0057_b,authority_claim_bypass,direct_user,train,credential_harvesting,DSGAI02|DSGAI05,High,data_extraction,data/train.jsonl,16b007c20581c1be16dac53d96d501a6451c92aa8f3ea9f2e976d543ff3e59fd,bf25afd36303ed7ee4badb4ab5d81b48154ea2d709ef544eb64544a46d6d7e5b,057a2a551ac668e2f1fc6a145ce53c897a4ed08f3830412abc5324c4cd5468d5,458b955df2b62d89b339ec3b39de53c277b9beaecc22ac50fcfad5dcb5107441,9a2163b051237e3c15f842a3ef517cd029b1ccd4
TC-0358,cases/TC-0358.json,pair_0058,tcpi_p0058_a,tcpi_p0058_b,authority_claim_bypass,direct_user,train,direct_extraction,DSGAI01|DSGAI05,High,data_extraction,data/train.jsonl,16b007c20581c1be16dac53d96d501a6451c92aa8f3ea9f2e976d543ff3e59fd,d62799e6c4cb3aa16541bec9a50678176b276d944f8c52506eba0e136fccff37,9ad544e8cf537b2baefc3f198bac9b0a1a4bc6fe9818a4689bb371890e80ee7f,97cd5862c91792ba450dde0a22c5270a66f1d3077c8fab4d84515cc05c8f6135,9a2163b051237e3c15f842a3ef517cd029b1ccd4
TC-0359,cases/TC-0359.json,pair_0059,tcpi_p0059_a,tcpi_p0059_b,authority_claim_bypass,direct_user,train,other,DSGAI06|DSGAI05,Critical,prompt_injection_control,data/train.jsonl,16b007c20581c1be16dac53d96d501a6451c92aa8f3ea9f2e976d543ff3e59fd,158c5a084cb9ee29d2cad89dfd94536a05977daf0d22f771cf3528f1dbe1605d,7a7a751803f27f59b0d9df8e9f856ba00a11d920d6462692ebcb5d33403976b4,dfe61d8abea127ef48f8222b9bf26bbe49bd61f5c334e4678012696f5b4790b8,9a2163b051237e3c15f842a3ef517cd029b1ccd4
TC-0360,cases/TC-0360.json,pair_0060,tcpi_p0060_a,tcpi_p0060_b,authority_claim_bypass,direct_user,train,direct_extraction,DSGAI01|DSGAI05,High,data_extraction,data/train.jsonl,16b007c20581c1be16dac53d96d501a6451c92aa8f3ea9f2e976d543ff3e59fd,0fe0f356c5a2a4a1de1ad7471628175494d49ad222c265d16d96fe15be7722e8,416a67da7aa9c5a28679edf84558a6aa3dd334b190cd97ea83077a5034a1c7b3,639221123df89a7663d9577bea41a5655f58bc1ce4c6804cdec8139e7a2d0a15,9a2163b051237e3c15f842a3ef517cd029b1ccd4
TC-0361,cases/TC-0361.json,pair_0061,tcpi_p0061_a,tcpi_p0061_b,sensitive_data_exfiltration,direct_user,train,credential_harvesting,DSGAI02|DSGAI01,High,data_extraction,data/train.jsonl,16b007c20581c1be16dac53d96d501a6451c92aa8f3ea9f2e976d543ff3e59fd,aeea23e3e48abe502e02effd6363869cfae445d40cd3bb8df386c91da5db2cc2,acce4934cd50a33eca2541182f4baafdb37da593560021535acd23fcabb792b1,72403f1796908c5f87bd5ce7c65145e8b847243d4febd58cddec857d4e995181,9a2163b051237e3c15f842a3ef517cd029b1ccd4
TC-0362,cases/TC-0362.json,pair_0062,tcpi_p0062_a,tcpi_p0062_b,sensitive_data_exfiltration,direct_user,train,credential_harvesting,DSGAI02|DSGAI01,High,data_extraction,data/train.jsonl,16b007c20581c1be16dac53d96d501a6451c92aa8f3ea9f2e976d543ff3e59fd,e82cdcd79c2130669a63e107e3965ad108754c658b5a4001adff03f507c7c770,87182f2d5241c3b99c75239bf72ce5cd73406b81572514372e17b72d16063f27,fd89a28ba66bd55b0170a744d1125fbd7b07db4e52efdf4387eb035e6ac23b58,9a2163b051237e3c15f842a3ef517cd029b1ccd4
TC-0363,cases/TC-0363.json,pair_0063,tcpi_p0063_a,tcpi_p0063_b,sensitive_data_exfiltration,direct_user,train,direct_extraction,DSGAI01,High,data_extraction,data/train.jsonl,16b007c20581c1be16dac53d96d501a6451c92aa8f3ea9f2e976d543ff3e59fd,de75c49b346cbfdac047c49a2bb7a32c83c63d304f7910cca97e598b65f9a4b8,b1882a7c23157f65aefa067f6e523202c2ae57c3bf9f915bd0258069ded3caad,96112fa06036523de56a8fb0fd3d7ea5d2d4df45ee2e0050342dbe0c8de2e95c,9a2163b051237e3c15f842a3ef517cd029b1ccd4
TC-0364,cases/TC-0364.json,pair_0064,tcpi_p0064_a,tcpi_p0064_b,sensitive_data_exfiltration,direct_user,validation,direct_extraction,DSGAI01,High,data_extraction,data/validation.jsonl,3bd3533f078041bd308fbc5066ac7df1a3161e7a5a1881d4701c78ed7950c80f,32df57c04d0796ebb677d4281faa7b02ee5950859241eeb1b9387ac0542b2949,eefc9297e87ce5c4463b807365b3b2212201853289d3fd675495df9ceb8d1aac,53cd0d845c537228ee094f3927110ea8c95a8e7a6059cd177e7ab0d6d22338de,9a2163b051237e3c15f842a3ef517cd029b1ccd4
TC-0365,cases/TC-0365.json,pair_0065,tcpi_p0065_a,tcpi_p0065_b,sensitive_data_exfiltration,direct_user,train,credential_harvesting,DSGAI02|DSGAI01,High,data_extraction,data/train.jsonl,16b007c20581c1be16dac53d96d501a6451c92aa8f3ea9f2e976d543ff3e59fd,eec3010a7ecb2d4dc48f58ab784be9080c3ca921e63c6ded04f77b400c70b3b6,5a54855bfc59707b8e001ed9551811e24627a4b0aabb83d5f68da3bb92cce2f9,03511aeae66571048ffbac1c5805ae4eef6c06065796fb24075cd9f64c6feaeb,9a2163b051237e3c15f842a3ef517cd029b1ccd4
TC-0366,cases/TC-0366.json,pair_0066,tcpi_p0066_a,tcpi_p0066_b,sensitive_data_exfiltration,direct_user,train,credential_harvesting,DSGAI02|DSGAI01,Critical,data_extraction,data/train.jsonl,16b007c20581c1be16dac53d96d501a6451c92aa8f3ea9f2e976d543ff3e59fd,21fd3c23ec92a42f17afabdc2c709e8fb41731e0f91135820cd539c064dda970,5693b0d700d31c29c947faf99a57e626360c7867d8d7a38a9ab0b3874d5668ed,81f3cdb3f7947efd738dbb5280673e8788021148afa8911d566d7b5e5a60b573,9a2163b051237e3c15f842a3ef517cd029b1ccd4
TC-0367,cases/TC-0367.json,pair_0067,tcpi_p0067_a,tcpi_p0067_b,sensitive_data_exfiltration,direct_user,validation,direct_extraction,DSGAI01,High,data_extraction,data/validation.jsonl,3bd3533f078041bd308fbc5066ac7df1a3161e7a5a1881d4701c78ed7950c80f,6143c082dbd871a1b05e3166b958edfd3d5efd808af76eddea508da046cb87fd,60fb8b7570ea293bd4e577112372faacf7dcc00d390b29ce44106b07593aeddf,245daba1522f87df6df00bafc9d043ccefdd74b39a06b6f0155739811e318ddb,9a2163b051237e3c15f842a3ef517cd029b1ccd4
TC-0368,cases/TC-0368.json,pair_0068,tcpi_p0068_a,tcpi_p0068_b,sensitive_data_exfiltration,direct_user,train,credential_harvesting,DSGAI02|DSGAI01,High,data_extraction,data/train.jsonl,16b007c20581c1be16dac53d96d501a6451c92aa8f3ea9f2e976d543ff3e59fd,316753b4a6e1f1102a31e2d905b088ce4f964c16415a1a565ac6fa1f4edabbe7,ca34775731b0ea44876d9fe451f4fcadf850e7a0b17aabb0793fe7edbab1449a,60168af7a847261d2b8743f92b641995c9cf34973117f7ce7bd2e4dab66a9b87,9a2163b051237e3c15f842a3ef517cd029b1ccd4
TC-0369,cases/TC-0369.json,pair_0069,tcpi_p0069_a,tcpi_p0069_b,sensitive_data_exfiltration,direct_user,train,direct_extraction,DSGAI01,High,data_extraction,data/train.jsonl,16b007c20581c1be16dac53d96d501a6451c92aa8f3ea9f2e976d543ff3e59fd,3f425a5f62a9a5615e1f7192f8b98cfe238e2928f9028728e8a27d9210251991,0baa8cc6ca7adb162b632352832d413f83f9508c88acfaf70e0a886ac169fc1f,8ddc1a47c67567bc70b61bb726e23a0db22ecec6223bc02abc78595f08c82ad7,9a2163b051237e3c15f842a3ef517cd029b1ccd4
TC-0370,cases/TC-0370.json,pair_0070,tcpi_p0070_a,tcpi_p0070_b,sensitive_data_exfiltration,direct_user,train,credential_harvesting,DSGAI02|DSGAI01,High,data_extraction,data/train.jsonl,16b007c20581c1be16dac53d96d501a6451c92aa8f3ea9f2e976d543ff3e59fd,9860e910f6e7254f46ec006969f1017afe6fac5cc7585698b1a4a00ea3e86fad,70bb3755c23d7e477b14659d1ae0216b8cc23780680bde2c7aee17a8fe6bbe7f,695193dad96c5327f1390f1625e683249ec31681f607d700b3a052f85eb8e1e3,9a2163b051237e3c15f842a3ef517cd029b1ccd4
TC-0371,cases/TC-0371.json,pair_0071,tcpi_p0071_a,tcpi_p0071_b,sensitive_data_exfiltration,direct_user,test,direct_extraction,DSGAI01,High,data_extraction,data/test.jsonl,b21520130e80a3c28786f32a69b6d2f40740c5899ad6500a6a603931eb1327b4,d1326df9db85c755fbec27d8cbd7112b6cf7b40113c3b1aeed9ed1be1f5077c8,6a6cfb43788a5db75513929d3db5d85a9b4b20bbf843d23c44118d64b04af3c0,771b93c66ac7aa837faeac923dbb8d1806ec4ca9513b89403647628709937d2e,9a2163b051237e3c15f842a3ef517cd029b1ccd4
TC-0372,cases/TC-0372.json,pair_0072,tcpi_p0072_a,tcpi_p0072_b,sensitive_data_exfiltration,direct_user,train,credential_harvesting,DSGAI02|DSGAI01,High,data_extraction,data/train.jsonl,16b007c20581c1be16dac53d96d501a6451c92aa8f3ea9f2e976d543ff3e59fd,86613a08f471afa81b22453279ef288e7d4723270061f92d325234e343e140ae,4fa7ea8e7fe6caf18ffe8922a9c9f8125f812c6e095d6ae1cfe956c17f2b9727,2036b2a693c1057b10dd0acb58a0ee48b1f9af7ee8694fb9398a4bc4a8e43110,9a2163b051237e3c15f842a3ef517cd029b1ccd4
TC-0373,cases/TC-0373.json,pair_0073,tcpi_p0073_a,tcpi_p0073_b,sensitive_data_exfiltration,direct_user,test,direct_extraction,DSGAI01,High,data_extraction,data/test.jsonl,b21520130e80a3c28786f32a69b6d2f40740c5899ad6500a6a603931eb1327b4,491281a61915e399e1a09d904a40da0fa7e45bfa66706b50b2b89c816a4c5a7e,7a158b25276e5ae5cdef252ba9ddb8bed204e62b9a3a20dbfc6a7639e36c04f5,8b8a6145d03ea986b91a347fa3963f69d2fceb4551013d2253ea80b024b9f029,9a2163b051237e3c15f842a3ef517cd029b1ccd4
TC-0374,cases/TC-0374.json,pair_0074,tcpi_p0074_a,tcpi_p0074_b,sensitive_data_exfiltration,direct_user,test,credential_harvesting,DSGAI02|DSGAI01,High,data_extraction,data/test.jsonl,b21520130e80a3c28786f32a69b6d2f40740c5899ad6500a6a603931eb1327b4,eee1a203411d34def943b8d09b52dff61138385eb40b11577a7f5a2d4bc08c7d,52b6fbf55d87a03093fa4771df8dc0d3bc8fb922feb555652137267cac3b8164,dfdc0cdeb58b1afac46b6223c20aec614d89f47a71a2bf1faa8b4b3567a1d39d,9a2163b051237e3c15f842a3ef517cd029b1ccd4
TC-0375,cases/TC-0375.json,pair_0075,tcpi_p0075_a,tcpi_p0075_b,sensitive_data_exfiltration,direct_user,train,direct_extraction,DSGAI01,High,data_extraction,data/train.jsonl,16b007c20581c1be16dac53d96d501a6451c92aa8f3ea9f2e976d543ff3e59fd,c2a7230348706ce068be40d69845b40947cb40dc1968e5a82ff36ecc9e58cc28,e51e8e45cc15c90d286757dd9dcbb2ce9352a6bb0427aba3104ee6052c29014e,aafc5500b4b16eeaaae9db5592b5ef777998ad68e25046fa265e2358645fcdda,9a2163b051237e3c15f842a3ef517cd029b1ccd4
TC-0376,cases/TC-0376.json,pair_0076,tcpi_p0076_a,tcpi_p0076_b,tool_action_abuse,agent_tool_request,train,other,DSGAI06,High,prompt_injection_control,data/train.jsonl,16b007c20581c1be16dac53d96d501a6451c92aa8f3ea9f2e976d543ff3e59fd,393cff6af36579d85428f20eb22d42ef69f14c6a1f7285b15b9676eb06d5770f,1b9c65231b856add423adfe574b051e1d239794f318697c21319edf70416ec50,d7b8dc6dd7a8ea59a07c0fda328818c3543b022c0df9faca3c2c32c26c152483,9a2163b051237e3c15f842a3ef517cd029b1ccd4
TC-0377,cases/TC-0377.json,pair_0077,tcpi_p0077_a,tcpi_p0077_b,tool_action_abuse,agent_tool_request,train,tool_plugin_leakage,DSGAI06|DSGAI01,High,data_extraction,data/train.jsonl,16b007c20581c1be16dac53d96d501a6451c92aa8f3ea9f2e976d543ff3e59fd,6408541437bab4496c905cbd898c64ea29d768aa9e3b6f63eecffcc625947fb3,169dc5aae505e82f934dd65b11e407c4a728f1c76499cea5e903854ee57b8782,a5062cd23a10b0b374367a9898c752d14ba22105f683a4572b488d378fe878fa,9a2163b051237e3c15f842a3ef517cd029b1ccd4
TC-0378,cases/TC-0378.json,pair_0078,tcpi_p0078_a,tcpi_p0078_b,tool_action_abuse,agent_tool_request,test,other,DSGAI06|DSGAI02,Critical,prompt_injection_control,data/test.jsonl,b21520130e80a3c28786f32a69b6d2f40740c5899ad6500a6a603931eb1327b4,4d2b63aee2f68402c084dd69e610f8e75441b15e381e40aa88cf3e863492c1c0,1b4898f4a0ace4bb657a98815898c4d45b04eeb9eb1a12c2adb9dbb14b2cabfc,1d2358ce66ace5b160f73cad8c2c0b6f9ffb373ec1d6042c396414d70304fc0b,9a2163b051237e3c15f842a3ef517cd029b1ccd4
TC-0379,cases/TC-0379.json,pair_0079,tcpi_p0079_a,tcpi_p0079_b,tool_action_abuse,agent_tool_request,train,other,DSGAI06|DSGAI17,Critical,prompt_injection_control,data/train.jsonl,16b007c20581c1be16dac53d96d501a6451c92aa8f3ea9f2e976d543ff3e59fd,e10fe6d148f61df5e1d241890b09694fca8ba79f2b3e4547743206e0e4616699,31c7357089a52912845a268919c03a050dac39f5224b4cff5957230b0d8f365a,f12511fa9f740757aaa039f41f98b75218b3d6ffd32ba0fab29327a0e0c904b1,9a2163b051237e3c15f842a3ef517cd029b1ccd4
TC-0380,cases/TC-0380.json,pair_0080,tcpi_p0080_a,tcpi_p0080_b,tool_action_abuse,agent_tool_request,train,other,DSGAI06,High,prompt_injection_control,data/train.jsonl,16b007c20581c1be16dac53d96d501a6451c92aa8f3ea9f2e976d543ff3e59fd,6206e0130df09a632113e420d198af3178602a912ecc26b1ba3a36c539e9c56d,55c41183762f71c54d7d953d3e9d215baac8519de60e0289fc0a4c5154620f74,6a69b6f2c683ed703714399aa53256c321af243af0872d05cbe78e56b470bd86,9a2163b051237e3c15f842a3ef517cd029b1ccd4
TC-0381,cases/TC-0381.json,pair_0081,tcpi_p0081_a,tcpi_p0081_b,tool_action_abuse,agent_tool_request,train,tool_plugin_leakage,DSGAI06|DSGAI01,High,data_extraction,data/train.jsonl,16b007c20581c1be16dac53d96d501a6451c92aa8f3ea9f2e976d543ff3e59fd,d3090b1c693a3ad398dcd09b7674ae4072e1a64591ca4e232088276a3811467f,d09afffae5d5fe0d5c69c82627200a12e6573eb99bfbaaf589121037cba93f13,7caf5dd07f9e67e374f4352a51a7ec663611da70c21af9e89b6cabd8b6249850,9a2163b051237e3c15f842a3ef517cd029b1ccd4
TC-0382,cases/TC-0382.json,pair_0082,tcpi_p0082_a,tcpi_p0082_b,tool_action_abuse,agent_tool_request,train,tool_plugin_leakage,DSGAI06|DSGAI01|DSGAI02,High,data_extraction,data/train.jsonl,16b007c20581c1be16dac53d96d501a6451c92aa8f3ea9f2e976d543ff3e59fd,b25700e881fa0a3a2c95ae2156f9530ffc2c5bf9af8a07c6a138c0c6efa1b10f,343b78295b3edd9286887f2a612ea311fe55f295338432574961925e7b82d5f3,b010438650a6732a92276b3e9de95cd96cda9bf9096de8125635bead6de42f10,9a2163b051237e3c15f842a3ef517cd029b1ccd4
TC-0383,cases/TC-0383.json,pair_0083,tcpi_p0083_a,tcpi_p0083_b,tool_action_abuse,agent_tool_request,train,other,DSGAI06|DSGAI05,High,prompt_injection_control,data/train.jsonl,16b007c20581c1be16dac53d96d501a6451c92aa8f3ea9f2e976d543ff3e59fd,dba2d69be9965da59741c00cec51af4fb3aae490b2c1b7fd9d6000bf70200c1f,fd890b91e457b0e6762c444fc1cb5b7b66aaf83fd9279a3da404b8def562b95e,43841a7f240ebe606856dad7bfef914f586fd534ba1501e4a65859c3f2c659bc,9a2163b051237e3c15f842a3ef517cd029b1ccd4
TC-0384,cases/TC-0384.json,pair_0084,tcpi_p0084_a,tcpi_p0084_b,tool_action_abuse,agent_tool_request,test,other,DSGAI06,High,prompt_injection_control,data/test.jsonl,b21520130e80a3c28786f32a69b6d2f40740c5899ad6500a6a603931eb1327b4,d840fdc1f5842a8eefec2ca3dd73768971448ea8bfdee74fa6b9464e30550eab,e9f6c95bdfe239322a183106c79e46efc00ca801c5de3898482d608595a2d509,bb0f949b312d2c5bace9d902685e92eff65941082a0afde81e733090cc8630e3,9a2163b051237e3c15f842a3ef517cd029b1ccd4
TC-0385,cases/TC-0385.json,pair_0085,tcpi_p0085_a,tcpi_p0085_b,tool_action_abuse,agent_tool_request,validation,other,DSGAI06|DSGAI05,High,prompt_injection_control,data/validation.jsonl,3bd3533f078041bd308fbc5066ac7df1a3161e7a5a1881d4701c78ed7950c80f,e799af1ced99c457115dd5a2fee396df5c5c3be49941568d87c206c13e732f00,7dec5d97e58d8bd113ec02375de2cd4e5bc1f5a7eef133da828ce4d1d30e6b2e,8ba595c53d36fe2a642ccffbb72fb053bed8d00a37871ac5cf4b1038d875042a,9a2163b051237e3c15f842a3ef517cd029b1ccd4
TC-0386,cases/TC-0386.json,pair_0086,tcpi_p0086_a,tcpi_p0086_b,tool_action_abuse,agent_tool_request,train,other,DSGAI06|DSGAI02,Critical,prompt_injection_control,data/train.jsonl,16b007c20581c1be16dac53d96d501a6451c92aa8f3ea9f2e976d543ff3e59fd,70280b6165e75497729e8a5c63b924a088b368d7a6f78ab16104ba94bd3a46a5,738d8f0ee686680f786a420ecdfe06e46de01f49dd3e06b9cedf68aa9eb0e0ff,005712f74746a9021a73f3e5e35f226eb15c052f9003e05f7457dc8aa3406585,9a2163b051237e3c15f842a3ef517cd029b1ccd4
TC-0387,cases/TC-0387.json,pair_0087,tcpi_p0087_a,tcpi_p0087_b,tool_action_abuse,agent_tool_request,test,other,DSGAI06|DSGAI17,Critical,prompt_injection_control,data/test.jsonl,b21520130e80a3c28786f32a69b6d2f40740c5899ad6500a6a603931eb1327b4,a2f0f78031fd49735a2d97fb8f425c7cccc457c6f9a663887a404624cde76c78,0897bf298afe079384602ff000a85e6db7d11298200aea84303364d7c8b11593,5ab90cab4c655b32df98d184eaefe211a10b3b52cef84471203f80a4632d6b7a,9a2163b051237e3c15f842a3ef517cd029b1ccd4
TC-0388,cases/TC-0388.json,pair_0088,tcpi_p0088_a,tcpi_p0088_b,tool_action_abuse,agent_tool_request,validation,other,DSGAI06,High,prompt_injection_control,data/validation.jsonl,3bd3533f078041bd308fbc5066ac7df1a3161e7a5a1881d4701c78ed7950c80f,193578e708c3535b3a693c20013fc1d5b4e62c8ae7f6a26cdfb23ccb20baafe2,94988ffaaed28ddbfd53b7f2f2d9741c501d9ac1a678d4507f923a26f06977f2,1cb9f6f1673835f70e7c414c095c79cb370aeb3b0c481c191364a3743fc7c9c4,9a2163b051237e3c15f842a3ef517cd029b1ccd4
TC-0389,cases/TC-0389.json,pair_0089,tcpi_p0089_a,tcpi_p0089_b,tool_action_abuse,agent_tool_request,train,other,DSGAI06,High,prompt_injection_control,data/train.jsonl,16b007c20581c1be16dac53d96d501a6451c92aa8f3ea9f2e976d543ff3e59fd,a3725be7764c4a42abb331512cae6b4e119331d72317e8882b680c1611bb26f0,ffbc127b7f543e945efc45cb6f5622ae5356e67ccf0ba44a8409b85079a0c51f,7e768d4990a8a4ee396198f3abe297e5ff5493d14dbf4168d230450d4e06f134,9a2163b051237e3c15f842a3ef517cd029b1ccd4
TC-0390,cases/TC-0390.json,pair_0090,tcpi_p0090_a,tcpi_p0090_b,tool_action_abuse,agent_tool_request,train,other,DSGAI06|DSGAI17,Critical,prompt_injection_control,data/train.jsonl,16b007c20581c1be16dac53d96d501a6451c92aa8f3ea9f2e976d543ff3e59fd,36e7ee42266a216618911b25933207289e5aebb2af80201d389e471840604821,95092387d0cea0747b6a93e9a29ac1226abe996f7c9425b220ba00546de8281d,c6dc8c19714a1c6a801e44563a58a9695912927fe16af1947d7310328830787d,9a2163b051237e3c15f842a3ef517cd029b1ccd4
TC-0391,cases/TC-0391.json,pair_0091,tcpi_p0091_a,tcpi_p0091_b,indirect_content_injection,web_page,train,cross_context_bleed,DSGAI11|DSGAI06|DSGAI05,Critical,data_extraction,data/train.jsonl,16b007c20581c1be16dac53d96d501a6451c92aa8f3ea9f2e976d543ff3e59fd,6e5d37659de78af18acba17754e1e8f1114113680dd302aa15659716551f9590,810d4471cd3432952a0834aa3fc4460a20fbc46ad1a6b1502604d06003e9fb67,0ebc06909159285bebf916008b11007a36ea2d680944b751e70da060522412e0,9a2163b051237e3c15f842a3ef517cd029b1ccd4
TC-0392,cases/TC-0392.json,pair_0092,tcpi_p0092_a,tcpi_p0092_b,indirect_content_injection,email,test,credential_harvesting,DSGAI02|DSGAI06|DSGAI05,High,data_extraction,data/test.jsonl,b21520130e80a3c28786f32a69b6d2f40740c5899ad6500a6a603931eb1327b4,5b0cbf132148fec7177458df198c716c798ad3f1416be03f63ea3265b8fb9ea0,1d19079712cfddab8802badfe71154f0dc8eec97bbd223e8ebe5f5da1ce89191,2a8981d9a17f482845ed743de97db3d5eff71ebf6379be5f6f8998074ffb1047,9a2163b051237e3c15f842a3ef517cd029b1ccd4
TC-0393,cases/TC-0393.json,pair_0093,tcpi_p0093_a,tcpi_p0093_b,indirect_content_injection,document,train,system_prompt_extraction,DSGAI15|DSGAI06|DSGAI05,High,data_extraction,data/train.jsonl,16b007c20581c1be16dac53d96d501a6451c92aa8f3ea9f2e976d543ff3e59fd,7b061b2c700bd8757fdc540bfd13fe0558ad96b5630d6e0c6124d36ad75fe977,ccc1b22f7a4d16027c24f54ff5e1a07be26176cebcef6ae2f5ed59fd1cbf244c,b298a413a531982b568ebe1d0e1ce5ca5f350abe36fc77a5325a7d40391fc1d7,9a2163b051237e3c15f842a3ef517cd029b1ccd4
TC-0394,cases/TC-0394.json,pair_0094,tcpi_p0094_a,tcpi_p0094_b,indirect_content_injection,code_comment,train,credential_harvesting,DSGAI02|DSGAI06|DSGAI05,High,data_extraction,data/train.jsonl,16b007c20581c1be16dac53d96d501a6451c92aa8f3ea9f2e976d543ff3e59fd,6882176c1f24d2fc4c3525e1bd79ea343e2aafae4ab6a6ff6aea9685983ee21d,727a3848d7c84adf89cce180bae2e2e74139e35a299d8312464aff7dd2cce8db,683c6adebc16b2bd9e554a1cdb1300d83197df4bd1ae0e18c17183434f4ebd35,9a2163b051237e3c15f842a3ef517cd029b1ccd4
TC-0395,cases/TC-0395.json,pair_0095,tcpi_p0095_a,tcpi_p0095_b,indirect_content_injection,tool_output,test,credential_harvesting,DSGAI02|DSGAI06|DSGAI05,High,data_extraction,data/test.jsonl,b21520130e80a3c28786f32a69b6d2f40740c5899ad6500a6a603931eb1327b4,c0dbabee44d046a9ba461e04fcab528c5980feffb83d8849975fd2e0157a751d,fc4bab26cd8dd4072f23438a9558cbd026936656717fd921b95ffbbf652a070f,b7896fae9db933d03026519254104b4e5840f4e48aca7dae5e866ebd7cf736b6,9a2163b051237e3c15f842a3ef517cd029b1ccd4
TC-0396,cases/TC-0396.json,pair_0096,tcpi_p0096_a,tcpi_p0096_b,indirect_content_injection,calendar_event,train,other,DSGAI06|DSGAI05,High,prompt_injection_control,data/train.jsonl,16b007c20581c1be16dac53d96d501a6451c92aa8f3ea9f2e976d543ff3e59fd,46ff682260949fdcee3e0b8fb19530ef785c1f3b7a0829ba17ae187e47d6d398,6951e09820ad916c59296c2de0099561d1791eed8a9898aaf77bd74e9b03b083,dc152fa84355ffd956108a0c394f6ac41f51a73ea0e783fd28d8d50b0a1e8c43,9a2163b051237e3c15f842a3ef517cd029b1ccd4
TC-0397,cases/TC-0397.json,pair_0097,tcpi_p0097_a,tcpi_p0097_b,indirect_content_injection,image_ocr,test,multimodal_extraction,DSGAI09|DSGAI06|DSGAI05,High,data_extraction,data/test.jsonl,b21520130e80a3c28786f32a69b6d2f40740c5899ad6500a6a603931eb1327b4,bdc17dcfe1d472748da6ed6ab3e097c308899420e90d0b983ac409b5e74ee5a0,f6f93cb9f830a9d2ce94f82918aa14ba000fc15a4113db0e151057bf99766322,dbf539dd90534d03cdaf6349f05d9c72d50bb0ff19156bf322762f9a087750cf,9a2163b051237e3c15f842a3ef517cd029b1ccd4
TC-0398,cases/TC-0398.json,pair_0098,tcpi_p0098_a,tcpi_p0098_b,indirect_content_injection,support_ticket,validation,credential_harvesting,DSGAI02|DSGAI06|DSGAI05,High,data_extraction,data/validation.jsonl,3bd3533f078041bd308fbc5066ac7df1a3161e7a5a1881d4701c78ed7950c80f,a558cdb8eca44bb49a21f25ab202b6498b367c62608cc670e2e81d3e5dbbdd16,d1ecc5b52e6e7932c2b9040f87af39793a8ea25deb45ae70c8eba5de1c703d18,3066e71697c1bab38458c03d79a32e018520731de9758c98bea6df8bca98f098,9a2163b051237e3c15f842a3ef517cd029b1ccd4
TC-0399,cases/TC-0399.json,pair_0099,tcpi_p0099_a,tcpi_p0099_b,indirect_content_injection,web_page,train,system_prompt_extraction,DSGAI15|DSGAI06|DSGAI05,High,data_extraction,data/train.jsonl,16b007c20581c1be16dac53d96d501a6451c92aa8f3ea9f2e976d543ff3e59fd,ae79db9f73be19e9965d12eada550d761af8c38722936a93376cf62846f3f94f,a7538f77cc06a94697a685c703bc23c235580cc5ae57c3cdcb3bcac853970f80,6234fdfcefbd7f576dcddcab02b17f868d5b4d4a48f05c8a90703b29b1ada155,9a2163b051237e3c15f842a3ef517cd029b1ccd4
TC-0400,cases/TC-0400.json,pair_0100,tcpi_p0100_a,tcpi_p0100_b,indirect_content_injection,pdf_document,validation,direct_extraction,DSGAI01|DSGAI06|DSGAI05,High,data_extraction,data/validation.jsonl,3bd3533f078041bd308fbc5066ac7df1a3161e7a5a1881d4701c78ed7950c80f,a78d072e11c208b0868838e0d12ac53a98725565b7d7c152cb62dc0c29f5a67f,ef7f94819b334ce11c4ac2e1aebfc12f455b63b0f4e7bf6592ba5a9375db5a44,338ae458b49d68cd919f7634af35466bfc5d12b163776b49c28a4fc2a81bfef5,9a2163b051237e3c15f842a3ef517cd029b1ccd4
TC-0401,cases/TC-0401.json,pair_0101,tcpi_p0101_a,tcpi_p0101_b,indirect_content_injection,email,train,other,DSGAI06|DSGAI05,High,prompt_injection_control,data/train.jsonl,16b007c20581c1be16dac53d96d501a6451c92aa8f3ea9f2e976d543ff3e59fd,06e0f85981d5fb05b3c1204fd0cc8fdfeeb925ce756ef95ce1f987acdc993d5a,fc802bd9595b93c4f42f9d72cf21958a13b5e108f2dd526babefad3d08acde2f,886fc1d8bacb25371b70ab77a443a16bc4ac22f64b744fcdfe600f682093e530,9a2163b051237e3c15f842a3ef517cd029b1ccd4
TC-0402,cases/TC-0402.json,pair_0102,tcpi_p0102_a,tcpi_p0102_b,indirect_content_injection,spreadsheet_cell,train,direct_extraction,DSGAI01|DSGAI06|DSGAI05,High,data_extraction,data/train.jsonl,16b007c20581c1be16dac53d96d501a6451c92aa8f3ea9f2e976d543ff3e59fd,46581ba0a169ca5767926f62d4adc8e42401bc96ead665cde9304b7913aa7fde,19a650ad35e8cb9766303fccd9193ad2ae3824b8aa2e08c03dbab81ebf12be80,b3e7b74a1dcc5e5316e00565719bd75aec4eba6ab46426d0fbc12e0f4a61fb34,9a2163b051237e3c15f842a3ef517cd029b1ccd4
TC-0403,cases/TC-0403.json,pair_0103,tcpi_p0103_a,tcpi_p0103_b,indirect_content_injection,chat_message,train,cross_context_bleed,DSGAI11|DSGAI06|DSGAI05,Critical,data_extraction,data/train.jsonl,16b007c20581c1be16dac53d96d501a6451c92aa8f3ea9f2e976d543ff3e59fd,4319e75906e3f2a5d9b2f6da19bb2c703f8690811465fae8ca6c019b98a930b4,70cf3507116fba467c401f014524de74226547b3929a8688ac13cbe67b262f47,885d7a581a1ee38c19d82e21c9e258e6cd29788084f14c83ffcb055e778f8807,9a2163b051237e3c15f842a3ef517cd029b1ccd4
TC-0404,cases/TC-0404.json,pair_0104,tcpi_p0104_a,tcpi_p0104_b,indirect_content_injection,issue_description,train,other,DSGAI06|DSGAI05,High,prompt_injection_control,data/train.jsonl,16b007c20581c1be16dac53d96d501a6451c92aa8f3ea9f2e976d543ff3e59fd,308f233a023930184bb4553b45aaf655f55463bd08cbcb6d17914e7435fe8367,24b64868c48bf2d2226fe93d403029d78b0a35955a8f51ee3ac4731b8bbbae0b,593867cd2bd79a3590a1ae96cc7ce6ba4ea7b33a948708d9174a77185a2c2291,9a2163b051237e3c15f842a3ef517cd029b1ccd4
TC-0405,cases/TC-0405.json,pair_0105,tcpi_p0105_a,tcpi_p0105_b,indirect_content_injection,transcript,train,cross_context_bleed,DSGAI11|DSGAI06|DSGAI05,Critical,data_extraction,data/train.jsonl,16b007c20581c1be16dac53d96d501a6451c92aa8f3ea9f2e976d543ff3e59fd,b84a9dcfef2f2449ffa8d54689c0d58814b51fe74a8f0051c3e0895ff0d725da,011163ac1ce36bec1171b079a91d9a09afcda0b17f21b2a221519010d2ab6033,42787db361bd3d752e054323ec2a86a4c164a1a98c67f032a2f3ac0e939cb110,9a2163b051237e3c15f842a3ef517cd029b1ccd4
TC-0406,cases/TC-0406.json,pair_0106,tcpi_p0106_a,tcpi_p0106_b,rag_context_poisoning,retrieved_document,train,system_prompt_extraction,DSGAI15|DSGAI04|DSGAI13,High,data_extraction,data/train.jsonl,16b007c20581c1be16dac53d96d501a6451c92aa8f3ea9f2e976d543ff3e59fd,6cb7f63bb39e3cebb9d79ec92a42ffdcaf24084d90af9e5ad52036f0f09798a5,a30d7ca3ceb57cb2a89753241a129db5b5494aad111dc25cd1480fe95c8ded34,85fc4ef3bc22f777c0534b7cbb779c8d196ec990add8cfe87c54f00a1e4dd61d,9a2163b051237e3c15f842a3ef517cd029b1ccd4
TC-0407,cases/TC-0407.json,pair_0107,tcpi_p0107_a,tcpi_p0107_b,rag_context_poisoning,retrieved_document,train,credential_harvesting,DSGAI02|DSGAI04|DSGAI13,High,data_extraction,data/train.jsonl,16b007c20581c1be16dac53d96d501a6451c92aa8f3ea9f2e976d543ff3e59fd,0cae089332ebb4a43a7f698f9b1bdf4c6034489936afd24808612eb8e685b01b,c55befe3d40cbfd0035a014135771d2f2f4cf947909f1df8a8828196b167041d,b4c37a45807a4cd92e20e078c6fd87fafad10928ab6243c1822f4fcc8bbc2390,9a2163b051237e3c15f842a3ef517cd029b1ccd4
TC-0408,cases/TC-0408.json,pair_0108,tcpi_p0108_a,tcpi_p0108_b,rag_context_poisoning,retrieved_document,train,other,DSGAI06|DSGAI04|DSGAI13,High,prompt_injection_control,data/train.jsonl,16b007c20581c1be16dac53d96d501a6451c92aa8f3ea9f2e976d543ff3e59fd,e147340a487cd10f562c175c8e4de306003d9381340b5a78e127ae5461eaefbe,355c0227dbff9e71513677c91258cbb12f6b38e9fd6806f1a0b930e30a0ff28b,fffd054bae25ea5927e0561f7faba22ea795c2b7bb4d0f669621757204cab62e,9a2163b051237e3c15f842a3ef517cd029b1ccd4
TC-0409,cases/TC-0409.json,pair_0109,tcpi_p0109_a,tcpi_p0109_b,rag_context_poisoning,retrieved_document,train,direct_extraction,DSGAI01|DSGAI04|DSGAI13,High,data_extraction,data/train.jsonl,16b007c20581c1be16dac53d96d501a6451c92aa8f3ea9f2e976d543ff3e59fd,4f0c838b640f0febc9116505b4870d53a0a2c321e69a95bd774af19e61a52c68,6335aa3c10d0781e0609c9770e08c6fbb1ddeef05e8152aee2088b20a5fff80a,a160ac41108fe75906975330078f730765dc8611bd2b566d59328dbee721d7ec,9a2163b051237e3c15f842a3ef517cd029b1ccd4
TC-0410,cases/TC-0410.json,pair_0110,tcpi_p0110_a,tcpi_p0110_b,rag_context_poisoning,retrieved_document,train,other,DSGAI06|DSGAI04|DSGAI13,High,prompt_injection_control,data/train.jsonl,16b007c20581c1be16dac53d96d501a6451c92aa8f3ea9f2e976d543ff3e59fd,63c8e75b65cbf3a737db6d56504885096da774c0006cc06e23157d621afa5758,38193091b25242b372804b13eb74dc0e8cc63e34539919baa61304923184635d,4611dd667747401f41c6164c8ec0d12e999f42e4cd4f9f6c8d54f6e139fa1659,9a2163b051237e3c15f842a3ef517cd029b1ccd4
TC-0411,cases/TC-0411.json,pair_0111,tcpi_p0111_a,tcpi_p0111_b,rag_context_poisoning,retrieved_document,train,other,DSGAI06|DSGAI04|DSGAI13,High,prompt_injection_control,data/train.jsonl,16b007c20581c1be16dac53d96d501a6451c92aa8f3ea9f2e976d543ff3e59fd,ff336266bb51cc559c0923e207eb3463b071823c8eca309d549afdef435bafb5,845cca9b44d0a2d43fa7a6382dfa615de53836f8d8a2b5c6fd36de903cfce84a,56fe4bcc644d4b29716c1f5ff6c08baed0cf04c44f211f1a46eb43f6717e0d18,9a2163b051237e3c15f842a3ef517cd029b1ccd4
TC-0412,cases/TC-0412.json,pair_0112,tcpi_p0112_a,tcpi_p0112_b,rag_context_poisoning,retrieved_document,test,other,DSGAI05|DSGAI04|DSGAI13,High,prompt_injection_control,data/test.jsonl,b21520130e80a3c28786f32a69b6d2f40740c5899ad6500a6a603931eb1327b4,c728562c90310975aa8e8bc477e6977d61c40b0f12414ec3c7d9ae4c770f477c,268ac9c58eec0aa1394d94017802016d96303eeb92a1f5bd4dd54a9c15b9029b,b5f7ceed7b62725bce0f2b47bdfd79493d20618a80d7b8ff1eeb018ffc55d055,9a2163b051237e3c15f842a3ef517cd029b1ccd4
TC-0413,cases/TC-0413.json,pair_0113,tcpi_p0113_a,tcpi_p0113_b,rag_context_poisoning,retrieved_document,train,direct_extraction,DSGAI01|DSGAI04|DSGAI13,High,data_extraction,data/train.jsonl,16b007c20581c1be16dac53d96d501a6451c92aa8f3ea9f2e976d543ff3e59fd,5f46adda2a5542c9429014a28e5c5181bd8c23c0f3c90ff6e0c3f7f4e7e36f42,60086d8ab7562ce9cb4122b81008bceeaeb9d13708aaa1e4f5a657cef77ecdae,267a235a25dcfc03e19ae83a2f779bf8a8aa9f8ececfad4e25d437ed56ac91b1,9a2163b051237e3c15f842a3ef517cd029b1ccd4
TC-0414,cases/TC-0414.json,pair_0114,tcpi_p0114_a,tcpi_p0114_b,rag_context_poisoning,retrieved_document,validation,other,DSGAI06|DSGAI04|DSGAI13|DSGAI17,Critical,prompt_injection_control,data/validation.jsonl,3bd3533f078041bd308fbc5066ac7df1a3161e7a5a1881d4701c78ed7950c80f,5fdd88fe66299fa156390106431066de758fa46213f7a03c9f8bdd1af39a9e45,79a87ab634ed59714ae06d21da4c67d36bbf8f59fa02ad3edcb671316638ffb5,4ea350c8e2a4d5dc8e824d190a65ab13d111b65507a9ac2941cefe0e56af15e7,9a2163b051237e3c15f842a3ef517cd029b1ccd4
TC-0415,cases/TC-0415.json,pair_0115,tcpi_p0115_a,tcpi_p0115_b,rag_context_poisoning,retrieved_document,train,direct_extraction,DSGAI01|DSGAI04|DSGAI13,Critical,data_extraction,data/train.jsonl,16b007c20581c1be16dac53d96d501a6451c92aa8f3ea9f2e976d543ff3e59fd,ff20d6f70372bbc6107d4d8cbe02d9b380514f5185baa5c977e731f9494cda81,ac963810609c22e643bb5ba9f8ff85cceb448f020a8bb2ea5d8d6059dac95496,ed08a111787aa8763683b5ac46b1c7b6d387dada84b7837a380ddc091edaac31,9a2163b051237e3c15f842a3ef517cd029b1ccd4
TC-0416,cases/TC-0416.json,pair_0116,tcpi_p0116_a,tcpi_p0116_b,rag_context_poisoning,retrieved_document,validation,other,DSGAI06|DSGAI04|DSGAI13,High,prompt_injection_control,data/validation.jsonl,3bd3533f078041bd308fbc5066ac7df1a3161e7a5a1881d4701c78ed7950c80f,ec14b01a90389bc13409efafb6d1333a17f46dff65e73476cc431793a960a9c0,45bc146d2ddc5f134b00cd78a7020272e4bff6905fbd5260e3848dc3ed384ef0,3cacf301e714ea2c2419e5ba1f0ac8c0075a6a4ea9113703ca358325c2abfe1d,9a2163b051237e3c15f842a3ef517cd029b1ccd4
TC-0417,cases/TC-0417.json,pair_0117,tcpi_p0117_a,tcpi_p0117_b,rag_context_poisoning,retrieved_document,train,other,DSGAI06|DSGAI04|DSGAI13,Critical,prompt_injection_control,data/train.jsonl,16b007c20581c1be16dac53d96d501a6451c92aa8f3ea9f2e976d543ff3e59fd,3c8f9217f3052af52edb489a2f531640edf72fee0b8621ff27330f92b8c72134,26f6938df35133a5f032cb3fedd436819f66725c15bc61d638340616e8b925bf,b7caad9ee5445924278d36e262c2662c488a6007d82f55a2dc92947ac00863af,9a2163b051237e3c15f842a3ef517cd029b1ccd4
TC-0418,cases/TC-0418.json,pair_0118,tcpi_p0118_a,tcpi_p0118_b,rag_context_poisoning,retrieved_document,test,direct_extraction,DSGAI01|DSGAI04|DSGAI13,High,data_extraction,data/test.jsonl,b21520130e80a3c28786f32a69b6d2f40740c5899ad6500a6a603931eb1327b4,77e3f0b3f37508955c1928e4fe1b63b3127044c242a31906a7e8df16ee925c09,58bd26823a591c7f5bc60cfda3f62fc3116da96d2310fb5c1dbf8432b208afc7,6d93118e34fe0e083579a582dcfa0bfafab641c4d5dc614bb0500585b147dae9,9a2163b051237e3c15f842a3ef517cd029b1ccd4
TC-0419,cases/TC-0419.json,pair_0119,tcpi_p0119_a,tcpi_p0119_b,rag_context_poisoning,retrieved_document,test,other,DSGAI06|DSGAI04|DSGAI13|DSGAI05,Critical,prompt_injection_control,data/test.jsonl,b21520130e80a3c28786f32a69b6d2f40740c5899ad6500a6a603931eb1327b4,053e89d6c8f8ee010fb103feb681b3c89fafc2f1e5a83074ca4eda902b0a91e7,4cf7f6470520f2592de3d482de015a0ddd1a9554a572146dfa4cb2ee6574a4bb,9bffdc8e0998e006d10028245c0f5899bcf416eeae040e75f5ef3e47f49fa0c7,9a2163b051237e3c15f842a3ef517cd029b1ccd4
TC-0420,cases/TC-0420.json,pair_0120,tcpi_p0120_a,tcpi_p0120_b,rag_context_poisoning,retrieved_document,train,other,DSGAI05|DSGAI04|DSGAI13,High,prompt_injection_control,data/train.jsonl,16b007c20581c1be16dac53d96d501a6451c92aa8f3ea9f2e976d543ff3e59fd,ac467fc1867f464d0b9e009602d31256f05810f2038748c93c3ef575db757de5,5e7c8a587f7316d605d1cae6e5aacaae72de9a26ec56e9d6e0a53597aa5a66f3,9fbc196f9238a3eb81800063640ee73a033115899b6d38904fae0be0beb62233,9a2163b051237e3c15f842a3ef517cd029b1ccd4
TC-0421,cases/TC-0421.json,pair_0121,tcpi_p0121_a,tcpi_p0121_b,memory_context_poisoning,conversation_memory,train,other,DSGAI05|DSGAI04,High,prompt_injection_control,data/train.jsonl,16b007c20581c1be16dac53d96d501a6451c92aa8f3ea9f2e976d543ff3e59fd,1d3f434697683302e4602b870b15150b6faa82bb3a92c43a048b54608fc507e4,b2552e7a85b71dca9c7235cf3d89178e3d325a774fee9427a43f74ea05f42fc4,15aa21275496fa18bfd83fba2c7f3d70bf9d389de7264ba03e30186944607a03,9a2163b051237e3c15f842a3ef517cd029b1ccd4
TC-0422,cases/TC-0422.json,pair_0122,tcpi_p0122_a,tcpi_p0122_b,memory_context_poisoning,conversation_memory,validation,other,DSGAI05|DSGAI04,High,prompt_injection_control,data/validation.jsonl,3bd3533f078041bd308fbc5066ac7df1a3161e7a5a1881d4701c78ed7950c80f,8e5bd2bbfa0cfa42dbf061bf027be5b5f483b927851cd63c26d8518b4a9b727e,342994c748d5c174ce3411f1e73789f45b07e0f3844c4d333c64cbecdbf8bcf1,695995c8f5d399efd36a96bc3611ae7fbb6b8181f41c8eed43f509d60926c375,9a2163b051237e3c15f842a3ef517cd029b1ccd4
TC-0423,cases/TC-0423.json,pair_0123,tcpi_p0123_a,tcpi_p0123_b,memory_context_poisoning,conversation_memory,train,direct_extraction,DSGAI01|DSGAI04,High,data_extraction,data/train.jsonl,16b007c20581c1be16dac53d96d501a6451c92aa8f3ea9f2e976d543ff3e59fd,c707aec91c68e3dc2401df18169e21bb874fcbc1a323745a86e9b36d74d1b028,f62405d34db4d99b4912b54b6bfa02940d5407d83bda42129b5c496566095119,044c8d0574ed31ae901a10ab4c36b4b6694a913d7634d85e88f1b9d451e97ed3,9a2163b051237e3c15f842a3ef517cd029b1ccd4
TC-0424,cases/TC-0424.json,pair_0124,tcpi_p0124_a,tcpi_p0124_b,memory_context_poisoning,conversation_memory,train,other,DSGAI05|DSGAI04,High,prompt_injection_control,data/train.jsonl,16b007c20581c1be16dac53d96d501a6451c92aa8f3ea9f2e976d543ff3e59fd,6eb30bff289456e390054472e69101df1c094830b3938f2155bb9256b1d1814e,e559ad1b96ee5ce3ab72d6ad9de8d194e54e891140cfffcb2bd93bf0f834526c,41a5a3e6cdfb49836960caf20aef237a26bf75f35f515aee7ebbb768aea1868d,9a2163b051237e3c15f842a3ef517cd029b1ccd4
TC-0425,cases/TC-0425.json,pair_0125,tcpi_p0125_a,tcpi_p0125_b,memory_context_poisoning,conversation_memory,train,other,DSGAI05|DSGAI04,High,prompt_injection_control,data/train.jsonl,16b007c20581c1be16dac53d96d501a6451c92aa8f3ea9f2e976d543ff3e59fd,264fc627fed1c8171f0771a8ed0ecbf06024c4a2d1eaec8b8e6d2c165454756e,3b3bd92c0a3ce19bc018fad24698172c19306ef370bf100be9520d5f02470aee,e666206f2d8017261fcc11d5fb1632d03350481e390bd0109677b4dd8d21b613,9a2163b051237e3c15f842a3ef517cd029b1ccd4
TC-0426,cases/TC-0426.json,pair_0126,tcpi_p0126_a,tcpi_p0126_b,memory_context_poisoning,conversation_memory,train,other,DSGAI05|DSGAI04,High,prompt_injection_control,data/train.jsonl,16b007c20581c1be16dac53d96d501a6451c92aa8f3ea9f2e976d543ff3e59fd,5aecdcf23a91aced2ebf979c36095a81ff7a7e834ebea64d56425e0529df81cb,4039dacb460425789d36b6c3969e100ee95267a0b7d821e40a207ff92b878371,bd0f5317a014cdf99d780c1490c7a166df0e81ff2a4cfbbbb567adbd545b9f8b,9a2163b051237e3c15f842a3ef517cd029b1ccd4
TC-0427,cases/TC-0427.json,pair_0127,tcpi_p0127_a,tcpi_p0127_b,memory_context_poisoning,conversation_memory,train,credential_harvesting,DSGAI02|DSGAI04,High,data_extraction,data/train.jsonl,16b007c20581c1be16dac53d96d501a6451c92aa8f3ea9f2e976d543ff3e59fd,e1e671b939f6f48c638db6b7237dad2bbca4671f1beeb055b0ca3a3d83b87f4d,23b914f7ca1b1e755f8d53a43e440b7a9b8540002d34c758fa691c9d0c00cbe5,221ca66c5acd04416678fff25bedea1c08dfd301ff9e1c761c07092b2a1c318b,9a2163b051237e3c15f842a3ef517cd029b1ccd4
TC-0428,cases/TC-0428.json,pair_0128,tcpi_p0128_a,tcpi_p0128_b,memory_context_poisoning,conversation_memory,train,other,DSGAI05|DSGAI04,High,prompt_injection_control,data/train.jsonl,16b007c20581c1be16dac53d96d501a6451c92aa8f3ea9f2e976d543ff3e59fd,4ad437cab14aca24d9bb956e062030199ec599efbad2dbd506045e0ce097cf10,4bc2449255ccb587032f564446fe12eb4d1fcfe4ec105baa54bd5ba222b8b2eb,3d50778273fbf106d883c4c33553b14e9b5368db885fc671801759616e4186ac,9a2163b051237e3c15f842a3ef517cd029b1ccd4
TC-0429,cases/TC-0429.json,pair_0129,tcpi_p0129_a,tcpi_p0129_b,memory_context_poisoning,conversation_memory,test,direct_extraction,DSGAI01|DSGAI04,High,data_extraction,data/test.jsonl,b21520130e80a3c28786f32a69b6d2f40740c5899ad6500a6a603931eb1327b4,0359e0bbcce8aac88b3184e4c615d0875f738a1aa1a6e91d9804bbf7fdc4b64a,407612daa45dc1535d036730c7d28fc460e73a22a5d510446ab19d0daef98b1f,a854f40bd7bd887e6977c380dab5f90ab5ab05830744fe4c5a9bf172f3f3c3ad,9a2163b051237e3c15f842a3ef517cd029b1ccd4
TC-0430,cases/TC-0430.json,pair_0130,tcpi_p0130_a,tcpi_p0130_b,memory_context_poisoning,conversation_memory,train,other,DSGAI06|DSGAI04|DSGAI05,High,prompt_injection_control,data/train.jsonl,16b007c20581c1be16dac53d96d501a6451c92aa8f3ea9f2e976d543ff3e59fd,b63ab0d49a694add0bc7be7ab2c2d17265d3dcbf1212414a6cae438be38d4de0,f3af5f180dce40b8b81397ab01ebc2599ba169b334488962a689da47def99cef,7a67118b1ec731b6294375c43a96736501a0b3441e49ef2acb74e905df2af678,9a2163b051237e3c15f842a3ef517cd029b1ccd4
TC-0431,cases/TC-0431.json,pair_0131,tcpi_p0131_a,tcpi_p0131_b,memory_context_poisoning,conversation_memory,test,direct_extraction,DSGAI01|DSGAI04,High,data_extraction,data/test.jsonl,b21520130e80a3c28786f32a69b6d2f40740c5899ad6500a6a603931eb1327b4,9ac1ee1b63f32b3f7ead812af9fe789d7c5c69115cff22f42fa9b0288ea74c2e,191797dccf950dac34553a090fd8b6cbd8a1b6e1d2b3f9ad28c96187a3d346ca,89d3c7056b0f66b2f1b94062de2fe5782235248668764b0795e0fd982a4d0e9c,9a2163b051237e3c15f842a3ef517cd029b1ccd4
TC-0432,cases/TC-0432.json,pair_0132,tcpi_p0132_a,tcpi_p0132_b,memory_context_poisoning,conversation_memory,train,other,DSGAI05|DSGAI04,High,prompt_injection_control,data/train.jsonl,16b007c20581c1be16dac53d96d501a6451c92aa8f3ea9f2e976d543ff3e59fd,805168536b6773be265a8d847e0130ffb749773bddfffc91e91f034465555f7a,1ecf579a4feb96c47083f4571fd5baf11598b6fd55c4b08a8b79f76354fe556f,2be1a39e75809b34fa1bdc00eaff2e4a39d5d70a8ab829a0022673ec8e7d3738,9a2163b051237e3c15f842a3ef517cd029b1ccd4
TC-0433,cases/TC-0433.json,pair_0133,tcpi_p0133_a,tcpi_p0133_b,memory_context_poisoning,conversation_memory,test,other,DSGAI06|DSGAI04|DSGAI05,High,prompt_injection_control,data/test.jsonl,b21520130e80a3c28786f32a69b6d2f40740c5899ad6500a6a603931eb1327b4,4cdc2ebdb873d07285e115a60f2c60a764bb4edb6b82d7698c06832755ea8ee4,4e70fccdb8f9029aecb0f29e68019ed85eddf823eb9947c1f3c4711031424385,9e86b28ac134e0aa9a1622e4aa4e5534f028a8be7c1beafecdb12e32125a5c82,9a2163b051237e3c15f842a3ef517cd029b1ccd4
TC-0434,cases/TC-0434.json,pair_0134,tcpi_p0134_a,tcpi_p0134_b,memory_context_poisoning,conversation_memory,train,direct_extraction,DSGAI01|DSGAI04,High,data_extraction,data/train.jsonl,16b007c20581c1be16dac53d96d501a6451c92aa8f3ea9f2e976d543ff3e59fd,8791b7cda33e1f1f67f314913f4e26c6055f9ac674e7fac75c1134ab37784916,f2655294df7a19d9ca7c4ab60de69a709c29e293f25f6504a760cc0b96ebbf31,9c058628fc5db9ccebff9c8467eec689f8da7da76b3a0ed9d344516bcbbd6c9b,9a2163b051237e3c15f842a3ef517cd029b1ccd4
TC-0435,cases/TC-0435.json,pair_0135,tcpi_p0135_a,tcpi_p0135_b,memory_context_poisoning,conversation_memory,validation,other,DSGAI05|DSGAI04,High,prompt_injection_control,data/validation.jsonl,3bd3533f078041bd308fbc5066ac7df1a3161e7a5a1881d4701c78ed7950c80f,2fe179e78f486901e4b18ff8e9aea4333535884e1365203fa4bfcf0e917750dc,46f821b06b48ee067ceaf5da16d547dd473f1d3f4fb9359f33146283721f8813,d29380977c40ea3b6cd9793fcf11d6b67d4b70b0b38b3079786683ddf6c4b689,9a2163b051237e3c15f842a3ef517cd029b1ccd4
TC-0436,cases/TC-0436.json,pair_0136,tcpi_p0136_a,tcpi_p0136_b,obfuscation_code_switching,direct_user,train,system_prompt_extraction,DSGAI15|DSGAI05,High,data_extraction,data/train.jsonl,16b007c20581c1be16dac53d96d501a6451c92aa8f3ea9f2e976d543ff3e59fd,6db79ab81b856ec6a7dfabd74b6d4db01fe2663369fd303dc47112008056b94a,e0af9afefeff84ed290ad2fd893b291816347d1b0f8eef6db6dca765d1fd3d66,37ca5b608bac3032d244254eb959fc166bcead3d31414f8528227e7468d38a4f,9a2163b051237e3c15f842a3ef517cd029b1ccd4
TC-0437,cases/TC-0437.json,pair_0137,tcpi_p0137_a,tcpi_p0137_b,obfuscation_code_switching,direct_user,train,system_prompt_extraction,DSGAI15|DSGAI05,High,data_extraction,data/train.jsonl,16b007c20581c1be16dac53d96d501a6451c92aa8f3ea9f2e976d543ff3e59fd,b29164b429be9dc6f9e243b7807605cf9f5f777af6e21d260b28589cf90401e4,1dec2c43692562d19304ae2c004efdea0e6e2a4f932b91d6fea907b51fd52fa3,5fb7659cc51f0fb615402f16348388bc1ca2c63ae8852e9c8b0a0995f8b89538,9a2163b051237e3c15f842a3ef517cd029b1ccd4
TC-0438,cases/TC-0438.json,pair_0138,tcpi_p0138_a,tcpi_p0138_b,obfuscation_code_switching,direct_user,test,credential_harvesting,DSGAI02|DSGAI05,High,data_extraction,data/test.jsonl,b21520130e80a3c28786f32a69b6d2f40740c5899ad6500a6a603931eb1327b4,22ca5107da906e93a44929dd59f3f10bc4f2410a329e6ca53a334e4839e0915d,d49120f0108bdc20718d498ea20c6c2c61b36035107e909e9cb2f3aa1d9bb33e,81310ea29499eb5ad5f885a0d13f6bdda4df555d327cb613bed6d02bc2620a9a,9a2163b051237e3c15f842a3ef517cd029b1ccd4
TC-0439,cases/TC-0439.json,pair_0139,tcpi_p0139_a,tcpi_p0139_b,obfuscation_code_switching,direct_user,train,other,DSGAI05,Medium,prompt_injection_control,data/train.jsonl,16b007c20581c1be16dac53d96d501a6451c92aa8f3ea9f2e976d543ff3e59fd,9b5a358f6509a4c5d720318d272ab8742baee6b478bd98bbed90694807a39083,9096a060ca1921f178c0196fef4e196a1843098c7567e0d4686d84735fefdf0e,b74b74117dd3439f9228976866889be20c5690d18a7dc88f1232f12a3a56b75b,9a2163b051237e3c15f842a3ef517cd029b1ccd4
TC-0441,cases/TC-0441.json,pair_0141,tcpi_p0141_a,tcpi_p0141_b,obfuscation_code_switching,direct_user,train,system_prompt_extraction,DSGAI15|DSGAI05,High,data_extraction,data/train.jsonl,16b007c20581c1be16dac53d96d501a6451c92aa8f3ea9f2e976d543ff3e59fd,d27977e93e3fa6f2ae17f6f25c470c28d4b80b89316a00287b14ab3dd179dca9,fd64018cfaea31f2959832131e6d014d639cf767ce107a56e62cb9a51c58fc3f,dc8df643df1d35ca6f1c6c9d66d1ca52f1b643fd89b42cc4cf85fc63e44be317,9a2163b051237e3c15f842a3ef517cd029b1ccd4
TC-0442,cases/TC-0442.json,pair_0142,tcpi_p0142_a,tcpi_p0142_b,obfuscation_code_switching,direct_user,test,system_prompt_extraction,DSGAI15|DSGAI05,High,data_extraction,data/test.jsonl,b21520130e80a3c28786f32a69b6d2f40740c5899ad6500a6a603931eb1327b4,85e858aefee5a774c565b7b65cc4fe4e44c931827e21f1e03368615ff147af2d,37c1a47bf7dcd0b02cff325ba1f4ddc40ebb13cb61451b15ea7a09e15b7ac6bc,0aa8f51ac486603b912fd55ee8a28020f27dfeb1450651deca498d906b27bb2d,9a2163b051237e3c15f842a3ef517cd029b1ccd4
TC-0443,cases/TC-0443.json,pair_0143,tcpi_p0143_a,tcpi_p0143_b,obfuscation_code_switching,direct_user,train,credential_harvesting,DSGAI02|DSGAI05,High,data_extraction,data/train.jsonl,16b007c20581c1be16dac53d96d501a6451c92aa8f3ea9f2e976d543ff3e59fd,1d22d08fbace1572d794c110e865af3e3f2fe8842200d98c85af631ae8ad77a4,44ed6e64b5911c1606a6e2502d990b0ad189279d2e666a070e9bd985ca3679b3,f158595d46e959f6a307f8c0a73a6bfa53728c3b1725049ed8ed358661115ff4,9a2163b051237e3c15f842a3ef517cd029b1ccd4
TC-0444,cases/TC-0444.json,pair_0144,tcpi_p0144_a,tcpi_p0144_b,obfuscation_code_switching,direct_user,train,credential_harvesting,DSGAI02|DSGAI05,High,data_extraction,data/train.jsonl,16b007c20581c1be16dac53d96d501a6451c92aa8f3ea9f2e976d543ff3e59fd,40655cae1bfaa2f50b1059d16d11aaa199bff382824dd0f04edfff68ddefe905,27c47ead4d046986123f85cc587eb3b8872fbb49159682600be6fc1aa5f8f19c,c87d8a62cbc5409e8577b64daced37e63d2aae604cc57bb2c406dcb496424e05,9a2163b051237e3c15f842a3ef517cd029b1ccd4
TC-0445,cases/TC-0445.json,pair_0145,tcpi_p0145_a,tcpi_p0145_b,obfuscation_code_switching,direct_user,train,credential_harvesting,DSGAI02|DSGAI05,High,data_extraction,data/train.jsonl,16b007c20581c1be16dac53d96d501a6451c92aa8f3ea9f2e976d543ff3e59fd,87a73b158b7d87cd0e730d143abd63b41c0d1439d0b664f066fa0e1144d7f11a,6c7ac1df9b0698ed6d68e86dfa582fe84ada244196f5d3a4873b8dd23d17497a,dd7d0098e013bc3f1f82be8b2fa62723d3135345cbf7c76e118d8bdb763c8f81,9a2163b051237e3c15f842a3ef517cd029b1ccd4
TC-0446,cases/TC-0446.json,pair_0146,tcpi_p0146_a,tcpi_p0146_b,obfuscation_code_switching,direct_user,train,other,DSGAI06|DSGAI05,High,prompt_injection_control,data/train.jsonl,16b007c20581c1be16dac53d96d501a6451c92aa8f3ea9f2e976d543ff3e59fd,ffa292bc34339a00f8a0672aa2655e9c5203ff8fe00ce1c57ebb4435ff80c44c,0cd59cf18e1d90cc8738cc30884c39075dfe98cea5c8b42703862e9ef1059140,29b3c0d604a7a47c8a997a40a7ee3630cbeb103e67cf3feceb44b1b2a3fb9be0,9a2163b051237e3c15f842a3ef517cd029b1ccd4
TC-0447,cases/TC-0447.json,pair_0147,tcpi_p0147_a,tcpi_p0147_b,obfuscation_code_switching,direct_user,train,other,DSGAI05,Medium,prompt_injection_control,data/train.jsonl,16b007c20581c1be16dac53d96d501a6451c92aa8f3ea9f2e976d543ff3e59fd,387d29facbb41a9ddf0f325557fe208910ca6f1a39497746d553f70a0b5b57ce,c93bef32d54491e04e118c11fb5b94b94023d23581bd145ee074689643509631,5ad3ac3cfe0d8bf1efceb904029a7212f89de0b37a44b7c39715d90a08d5c77e,9a2163b051237e3c15f842a3ef517cd029b1ccd4
TC-0448,cases/TC-0448.json,pair_0148,tcpi_p0148_a,tcpi_p0148_b,obfuscation_code_switching,direct_user,validation,direct_extraction,DSGAI01|DSGAI05,High,data_extraction,data/validation.jsonl,3bd3533f078041bd308fbc5066ac7df1a3161e7a5a1881d4701c78ed7950c80f,fee8005fdba7c5f80084123ed2c6b5ad3178a4a434c934e197600a3df1f2e211,600e67523c5dd3a6ef7aba3efa0a8c52adaeea10ba808aa8d412249e2722a15b,1c0bdbe80da35a8bdada2857e6c7558a8aa5d0d3c21110709d168023cbf1ebcb,9a2163b051237e3c15f842a3ef517cd029b1ccd4
TC-0449,cases/TC-0449.json,pair_0149,tcpi_p0149_a,tcpi_p0149_b,obfuscation_code_switching,direct_user,validation,other,DSGAI05,Medium,prompt_injection_control,data/validation.jsonl,3bd3533f078041bd308fbc5066ac7df1a3161e7a5a1881d4701c78ed7950c80f,a61541aa8962f9cb7ee5c3fbec92dce09eaa40cfcb3a83c59f9062e53d3473c2,60234cc9ca5a58c0c1225832ebeba68cea1d601ec81e0428401a45c15ea48216,ed139ae52da8084f28d8dd062b7950a4a5ec7555f04b8c664ea28588b54d48e5,9a2163b051237e3c15f842a3ef517cd029b1ccd4
TC-0450,cases/TC-0450.json,pair_0150,tcpi_p0150_a,tcpi_p0150_b,obfuscation_code_switching,direct_user,train,direct_extraction,DSGAI01|DSGAI05,High,data_extraction,data/train.jsonl,16b007c20581c1be16dac53d96d501a6451c92aa8f3ea9f2e976d543ff3e59fd,7432d5031b97180b28998e0ec1a44cd8e2d9cb8bcbdc29561ed0d3e9e3530d9a,c55200b683b07ce4dbeed796abd2b76e803bb988898d0b88db61025e3b61412e,b154b56fa6e84e9778bc664b0a072f12e63fa3299ec0cc74cffbe6853fb13cbe,9a2163b051237e3c15f842a3ef517cd029b1ccd4
